,Unnamed: 0,chestcircumference,waistcircumference,size
0,0,1074,933,-
1,1,1021,870,-
2,2,1120,964,-
3,3,1114,857,-
4,4,1048,868,-
5,5,1066,950,-
6,6,1208,1073,-
7,7,1087,1010,-
8,8,1181,1065,-
9,9,964,824,-
10,10,1117,994,-
11,11,961,866,-
12,12,1151,986,-
13,13,1231,1045,-
14,14,1060,1007,-
15,15,1092,1033,-
16,16,1085,908,-
17,17,1118,1028,-
18,18,999,874,-
19,19,1127,999,-
20,20,1000,837,-
21,21,977,880,-
22,22,1079,978,-
23,23,1011,827,-
24,24,1098,1030,-
25,25,957,885,-
26,26,1158,1130,-
27,27,964,912,-
28,28,971,864,-
29,29,1057,965,-
30,30,957,777,-
31,31,1108,1063,-
32,32,947,870,-
33,33,1043,966,-
34,34,965,806,-
35,35,1174,1096,-
36,36,951,895,-
37,37,1182,1214,-
38,38,981,790,-
39,39,1086,1002,-
40,40,865,748,-
41,41,1205,1043,-
42,42,1013,864,-
43,43,1152,969,-
44,44,1096,1095,-
45,45,957,770,-
46,46,985,840,-
47,47,1063,1028,-
48,48,1137,1021,-
49,49,1106,1061,-
50,50,1166,1139,-
51,51,1081,922,-
52,52,1006,995,-
53,53,1153,1047,-
54,54,1037,885,-
55,55,1469,1379,-
56,56,901,750,-
57,57,1071,970,-
58,58,1263,1068,-
59,59,1146,1012,-
60,60,858,754,-
61,61,1044,926,-
62,62,904,827,-
63,63,1033,940,-
64,64,1160,1133,-
65,65,971,843,-
66,66,1050,1021,-
67,67,1213,1061,-
68,68,944,786,-
69,69,989,855,-
70,70,975,830,-
71,71,939,743,-
72,72,1091,967,-
73,73,983,922,-
74,74,1129,1120,-
75,75,1205,1060,-
76,76,1123,1030,-
77,77,1129,974,-
78,78,1048,844,-
79,79,1063,969,-
80,80,1098,1010,-
81,81,972,892,-
82,82,1127,1032,-
83,83,963,851,-
84,84,1098,979,-
85,85,953,857,-
86,86,1024,979,-
87,87,1043,984,-
88,88,902,721,-
89,89,1008,885,-
90,90,1027,961,-
91,91,1044,996,-
92,92,917,838,-
93,93,917,752,-
94,94,924,775,-
95,95,994,809,-
96,96,1001,862,-
97,97,1069,1027,-
98,98,995,797,-
99,99,1104,1082,-
100,100,1045,942,-
101,101,1015,871,-
102,102,1109,912,-
103,103,991,873,-
104,104,844,785,-
105,105,1176,1023,-
106,106,1085,924,-
107,107,1085,1001,-
108,108,1021,901,-
109,109,1096,958,-
110,110,1063,972,-
111,111,1030,939,-
112,112,1106,1003,-
113,113,1163,1139,-
114,114,1089,1162,-
115,115,1149,1111,-
116,116,1041,900,-
117,117,1056,998,-
118,118,1358,1330,-
119,119,1025,897,-
120,120,1000,911,-
121,121,1026,861,-
122,122,989,920,-
123,123,1251,1192,-
124,124,1030,1012,-
125,125,970,845,-
126,126,1035,843,-
127,127,1076,910,-
128,128,1038,879,-
129,129,1113,1031,-
130,130,1011,929,-
131,131,1024,994,-
132,132,997,815,-
133,133,1057,983,-
134,134,1082,1004,-
135,135,1002,825,-
136,136,1132,1077,-
137,137,1123,952,-
138,138,1175,1047,-
139,139,1021,851,-
140,140,1115,920,-
141,141,1112,934,-
142,142,1165,1114,-
143,143,1056,967,-
144,144,1048,1007,-
145,145,1137,1109,-
146,146,1041,827,-
147,147,1027,947,-
148,148,1021,881,-
149,149,1001,833,-
150,150,1126,963,-
151,151,1225,1100,-
152,152,1070,852,-
153,153,1102,941,-
154,154,1194,1026,-
155,155,1097,978,-
156,156,1208,1150,-
157,157,1116,935,-
158,158,995,923,-
159,159,1092,973,-
160,160,1079,908,-
161,161,1179,1111,-
162,162,1084,1031,-
163,163,1150,1164,-
164,164,1098,1006,-
165,165,1142,1018,-
166,166,1071,992,-
167,167,1021,908,-
168,168,1241,1053,-
169,169,1027,912,-
170,170,1167,1049,-
171,171,1082,917,-
172,172,1139,1066,-
173,173,947,848,-
174,174,948,759,-
175,175,1058,959,-
176,176,1102,970,-
177,177,1179,1068,-
178,178,1028,972,-
179,179,1048,993,-
180,180,969,898,-
181,181,1125,964,-
182,182,1049,881,-
183,183,957,821,-
184,184,913,801,-
185,185,995,845,-
186,186,1237,1134,-
187,187,1018,877,-
188,188,1059,951,-
189,189,907,867,-
190,190,1063,1029,-
191,191,1017,879,-
192,192,1130,1015,-
193,193,1156,1034,-
194,194,978,844,-
195,195,963,797,-
196,196,965,892,-
197,197,956,865,-
198,198,1080,1031,-
199,199,1078,912,-
200,200,1158,1086,-
201,201,1013,914,-
202,202,1037,923,-
203,203,1039,918,-
204,204,985,831,-
205,205,1285,1182,-
206,206,1082,1054,-
207,207,1157,1118,-
208,208,1049,963,-
209,209,1063,877,-
210,210,1061,912,-
211,211,1120,973,-
212,212,913,818,-
213,213,941,783,-
214,214,1151,1015,-
215,215,810,694,-
216,216,1163,1121,-
217,217,972,870,-
218,218,1091,1015,-
219,219,846,738,-
220,220,1092,1032,-
221,221,1071,979,-
222,222,1172,1017,-
223,223,1035,883,-
224,224,1203,1068,-
225,225,1212,1179,-
226,226,1047,993,-
227,227,977,880,-
228,228,1014,977,-
229,229,1041,925,-
230,230,1082,1010,-
231,231,1166,1004,-
232,232,967,744,-
233,233,1171,1045,-
234,234,1078,936,-
235,235,963,755,-
236,236,1101,997,-
237,237,1053,913,-
238,238,1027,921,-
239,239,972,899,-
240,240,915,734,-
241,241,1142,1124,-
242,242,1081,976,-
243,243,1108,1084,-
244,244,1069,1026,-
245,245,1140,1078,-
246,246,1018,972,-
247,247,1096,903,-
248,248,1127,928,-
249,249,907,779,-
250,250,1241,1149,-
251,251,1092,992,-
252,252,1178,989,-
253,253,1031,933,-
254,254,872,744,-
255,255,884,714,-
256,256,1121,1147,-
257,257,1063,976,-
258,258,1242,1077,-
259,259,949,835,-
260,260,953,797,-
261,261,1106,969,-
262,262,1094,918,-
263,263,954,776,-
264,264,1242,1124,-
265,265,1166,1146,-
266,266,904,797,-
267,267,1071,1032,-
268,268,1182,1005,-
269,269,1052,921,-
270,270,1162,1132,-
271,271,1069,988,-
272,272,957,797,-
273,273,1020,897,-
274,274,1198,1145,-
275,275,1079,1003,-
276,276,1172,1175,-
277,277,1008,987,-
278,278,1168,1043,-
279,279,1027,842,-
280,280,1068,915,-
281,281,1139,1076,-
282,282,1076,968,-
283,283,1045,822,-
284,284,1231,1108,-
285,285,913,719,-
286,286,960,869,-
287,287,1043,931,-
288,288,1089,939,-
289,289,1019,884,-
290,290,1097,912,-
291,291,963,812,-
292,292,1074,957,-
293,293,1069,1008,-
294,294,1168,1121,-
295,295,1087,946,-
296,296,1173,1029,-
297,297,1002,913,-
298,298,1022,828,-
299,299,1076,972,-
300,300,820,694,-
301,301,1030,872,-
302,302,1131,1010,-
303,303,1183,1141,-
304,304,999,908,-
305,305,1115,1091,-
306,306,1072,948,-
307,307,1063,944,-
308,308,1099,1012,-
309,309,1043,893,-
310,310,1113,992,-
311,311,1121,939,-
312,312,1015,912,-
313,313,1011,942,-
314,314,1058,848,-
315,315,1034,877,-
316,316,1138,1086,-
317,317,937,902,-
318,318,953,826,-
319,319,976,815,-
320,320,1008,919,-
321,321,893,766,-
322,322,1024,978,-
323,323,1029,892,-
324,324,1066,904,-
325,325,1011,952,-
326,326,988,911,-
327,327,1068,903,-
328,328,1065,904,-
329,329,962,908,-
330,330,1094,958,-
331,331,1228,1104,-
332,332,979,891,-
333,333,1094,1106,-
334,334,1201,1120,-
335,335,1054,995,-
336,336,1080,922,-
337,337,1123,1060,-
338,338,1106,1045,-
339,339,937,823,-
340,340,962,884,-
341,341,992,865,-
342,342,998,817,-
343,343,1056,952,-
344,344,1131,958,-
345,345,969,747,-
346,346,1000,884,-
347,347,1145,953,-
348,348,1118,929,-
349,349,1020,913,-
350,350,953,852,-
351,351,946,803,-
352,352,1324,1251,-
353,353,1088,977,-
354,354,1200,1149,-
355,355,1124,976,-
356,356,1067,913,-
357,357,1053,958,-
358,358,999,917,-
359,359,987,930,-
360,360,998,896,-
361,361,1027,847,-
362,362,915,776,-
363,363,1043,917,-
364,364,1105,996,-
365,365,1209,1046,-
366,366,1098,989,-
367,367,1156,1105,-
368,368,933,785,-
369,369,1109,955,-
370,370,1202,1043,-
371,371,1121,978,-
372,372,990,803,-
373,373,1256,1157,-
374,374,1042,900,-
375,375,925,757,-
376,376,929,810,-
377,377,1026,809,-
378,378,996,788,-
379,379,1146,1067,-
380,380,1071,999,-
381,381,1219,1196,-
382,382,1099,952,-
383,383,998,799,-
384,384,957,789,-
385,385,1202,1095,-
386,386,1164,1029,-
387,387,922,772,-
388,388,1096,1017,-
389,389,1137,1023,-
390,390,994,817,-
391,391,1016,877,-
392,392,1005,926,-
393,393,1150,1149,-
394,394,1124,1030,-
395,395,1093,870,-
396,396,1018,884,-
397,397,1020,955,-
398,398,1138,1042,-
399,399,1012,924,-
400,400,1023,944,-
401,401,911,759,-
402,402,1037,897,-
403,403,1006,852,-
404,404,1092,1001,-
405,405,972,897,-
406,406,1095,951,-
407,407,1233,1093,-
408,408,1033,931,-
409,409,1078,938,-
410,410,1071,884,-
411,411,1029,948,-
412,412,1145,1078,-
413,413,1132,1034,-
414,414,1035,969,-
415,415,872,747,-
416,416,1003,878,-
417,417,1077,872,-
418,418,1110,1054,-
419,419,1031,914,-
420,420,1117,1012,-
421,421,1153,1059,-
422,422,1097,1046,-
423,423,1078,1042,-
424,424,1142,1047,-
425,425,1143,1030,-
426,426,946,835,-
427,427,1046,975,-
428,428,1027,911,-
429,429,1006,945,-
430,430,1139,1036,-
431,431,976,780,-
432,432,1004,909,-
433,433,1033,929,-
434,434,902,723,-
435,435,967,809,-
436,436,968,769,-
437,437,1021,955,-
438,438,990,799,-
439,439,1061,933,-
440,440,941,808,-
441,441,1240,1070,-
442,442,942,753,-
443,443,958,803,-
444,444,998,863,-
445,445,1093,878,-
446,446,1073,850,-
447,447,915,815,-
448,448,1115,884,-
449,449,934,826,-
450,450,1016,975,-
451,451,1018,865,-
452,452,1029,895,-
453,453,986,848,-
454,454,933,804,-
455,455,1010,918,-
456,456,1086,1060,-
457,457,1144,1075,-
458,458,1067,1009,-
459,459,1098,1022,-
460,460,1163,999,-
461,461,1057,932,-
462,462,917,741,-
463,463,996,879,-
464,464,942,801,-
465,465,1034,973,-
466,466,1021,880,-
467,467,1093,1029,-
468,468,1191,1004,-
469,469,1007,865,-
470,470,1034,990,-
471,471,1068,988,-
472,472,1327,1183,-
473,473,1000,820,-
474,474,1119,806,-
475,475,1002,844,-
476,476,992,917,-
477,477,875,725,-
478,478,993,839,-
479,479,1051,986,-
480,480,987,855,-
481,481,1018,877,-
482,482,1070,969,-
483,483,1044,930,-
484,484,1052,996,-
485,485,1067,923,-
486,486,1048,872,-
487,487,1007,858,-
488,488,1122,947,-
489,489,1213,1081,-
490,490,946,793,-
491,491,1144,1002,-
492,492,1113,1012,-
493,493,1097,970,-
494,494,1114,999,-
495,495,942,779,-
496,496,964,715,-
497,497,983,865,-
498,498,1124,1026,-
499,499,1057,990,-
500,500,1254,1130,-
501,501,1034,975,-
502,502,1100,953,-
503,503,978,830,-
504,504,1071,917,-
505,505,1064,950,-
506,506,1005,880,-
507,507,894,715,-
508,508,1058,891,-
509,509,998,848,-
510,510,893,767,-
511,511,1012,860,-
512,512,1099,1069,-
513,513,1125,971,-
514,514,1080,981,-
515,515,1122,949,-
516,516,1079,1055,-
517,517,1115,980,-
518,518,1137,1009,-
519,519,1144,1018,-
520,520,1008,947,-
521,521,1002,899,-
522,522,986,805,-
523,523,1272,1189,-
524,524,1128,1127,-
525,525,1097,951,-
526,526,1087,1003,-
527,527,1081,946,-
528,528,1036,864,-
529,529,1074,939,-
530,530,1174,1051,-
531,531,1153,1010,-
532,532,1133,947,-
533,533,1003,784,-
534,534,1114,1007,-
535,535,1044,873,-
536,536,1106,1056,-
537,537,1011,918,-
538,538,1116,1031,-
539,539,1003,867,-
540,540,1116,919,-
541,541,1200,997,-
542,542,1090,1070,-
543,543,934,797,-
544,544,1083,938,-
545,545,1054,845,-
546,546,1068,945,-
547,547,1003,977,-
548,548,932,753,-
549,549,1071,1002,-
550,550,1107,1000,-
551,551,1028,881,-
552,552,1024,907,-
553,553,968,800,-
554,554,1161,1039,-
555,555,999,816,-
556,556,1028,897,-
557,557,986,815,-
558,558,1059,961,-
559,559,1121,1022,-
560,560,1105,1000,-
561,561,1073,1025,-
562,562,1154,1007,-
563,563,941,777,-
564,564,914,845,-
565,565,947,799,-
566,566,1180,1098,-
567,567,1043,956,-
568,568,1199,1134,-
569,569,996,926,-
570,570,1010,815,-
571,571,914,789,-
572,572,981,811,-
573,573,1057,958,-
574,574,1106,996,-
575,575,1055,983,-
576,576,993,803,-
577,577,1140,1038,-
578,578,1172,1078,-
579,579,1158,1035,-
580,580,1084,999,-
581,581,1094,1020,-
582,582,1150,1088,-
583,583,1122,1014,-
584,584,1038,836,-
585,585,1153,1080,-
586,586,1067,1006,-
587,587,947,779,-
588,588,1049,950,-
589,589,1043,925,-
590,590,1232,1214,-
591,591,956,801,-
592,592,1076,972,-
593,593,947,772,-
594,594,1096,988,-
595,595,1089,976,-
596,596,1083,983,-
597,597,1010,859,-
598,598,1139,1063,-
599,599,1079,1031,-
600,600,1174,1051,-
601,601,899,748,-
602,602,1203,1136,-
603,603,1009,775,-
604,604,961,740,-
605,605,1077,915,-
606,606,1163,1051,-
607,607,1179,1207,-
608,608,1016,802,-
609,609,1163,1116,-
610,610,1053,1042,-
611,611,1050,918,-
612,612,1105,1124,-
613,613,997,912,-
614,614,1103,1072,-
615,615,1098,1042,-
616,616,912,756,-
617,617,1181,1003,-
618,618,1031,886,-
619,619,1067,911,-
620,620,968,815,-
621,621,1033,891,-
622,622,909,765,-
623,623,1111,1041,-
624,624,1106,1054,-
625,625,1183,1152,-
626,626,1208,1107,-
627,627,1010,908,-
628,628,1147,1018,-
629,629,1135,995,-
630,630,1309,1358,-
631,631,1177,1067,-
632,632,981,845,-
633,633,1097,934,-
634,634,1016,901,-
635,635,1100,1091,-
636,636,1227,1100,-
637,637,1156,1013,-
638,638,1019,895,-
639,639,1131,972,-
640,640,957,932,-
641,641,1174,1050,-
642,642,1121,1047,-
643,643,1060,975,-
644,644,1102,969,-
645,645,1033,999,-
646,646,1075,1002,-
647,647,1131,1071,-
648,648,1068,890,-
649,649,1148,1071,-
650,650,1099,1056,-
651,651,1107,1021,-
652,652,1176,1104,-
653,653,1062,962,-
654,654,1036,886,-
655,655,1100,1000,-
656,656,1092,1013,-
657,657,1158,1112,-
658,658,939,826,-
659,659,1142,1049,-
660,660,1050,970,-
661,661,973,820,-
662,662,927,778,-
663,663,1257,1165,-
664,664,1075,960,-
665,665,1010,883,-
666,666,1029,888,-
667,667,1063,882,-
668,668,953,875,-
669,669,1008,821,-
670,670,1036,902,-
671,671,1018,954,-
672,672,1047,963,-
673,673,1048,943,-
674,674,1034,851,-
675,675,1011,907,-
676,676,1106,992,-
677,677,951,767,-
678,678,964,835,-
679,679,1011,851,-
680,680,967,864,-
681,681,988,887,-
682,682,1277,1287,-
683,683,1120,1124,-
684,684,997,846,-
685,685,872,813,-
686,686,1108,1070,-
687,687,953,735,-
688,688,1086,1015,-
689,689,1090,895,-
690,690,1038,932,-
691,691,942,762,-
692,692,1022,884,-
693,693,1213,1070,-
694,694,922,739,-
695,695,977,836,-
696,696,1168,1080,-
697,697,948,816,-
698,698,1007,904,-
699,699,977,756,-
700,700,990,808,-
701,701,975,845,-
702,702,1161,1075,-
703,703,930,853,-
704,704,1213,1073,-
705,705,1061,1018,-
706,706,1008,846,-
707,707,1015,856,-
708,708,1004,883,-
709,709,944,889,-
710,710,1083,985,-
711,711,1201,1086,-
712,712,1064,893,-
713,713,1011,911,-
714,714,1095,929,-
715,715,964,770,-
716,716,953,751,-
717,717,1052,970,-
718,718,1070,985,-
719,719,1041,958,-
720,720,1013,846,-
721,721,1088,952,-
722,722,968,775,-
723,723,1301,1168,-
724,724,1009,915,-
725,725,1023,913,-
726,726,1136,1021,-
727,727,1147,995,-
728,728,1037,1016,-
729,729,1131,1027,-
730,730,1192,1080,-
731,731,1111,958,-
732,732,1117,1028,-
733,733,1153,1097,-
734,734,1093,914,-
735,735,1063,1032,-
736,736,1112,1040,-
737,737,1150,984,-
738,738,1158,967,-
739,739,1158,1024,-
740,740,1073,1004,-
741,741,1084,908,-
742,742,1010,874,-
743,743,1069,901,-
744,744,1056,924,-
745,745,1217,1100,-
746,746,1133,983,-
747,747,1135,995,-
748,748,1184,1074,-
749,749,1186,1091,-
750,750,1067,970,-
751,751,1121,1015,-
752,752,1114,934,-
753,753,1105,960,-
754,754,1028,910,-
755,755,1158,1121,-
756,756,1097,986,-
757,757,1115,974,-
758,758,1120,1036,-
759,759,990,887,-
760,760,1025,960,-
761,761,1191,1021,-
762,762,1054,925,-
763,763,1165,1048,-
764,764,1080,972,-
765,765,1010,909,-
766,766,1089,917,-
767,767,983,874,-
768,768,1068,972,-
769,769,1067,955,-
770,770,1092,914,-
771,771,1099,996,-
772,772,1003,868,-
773,773,991,855,-
774,774,1137,1023,-
775,775,1058,947,-
776,776,1152,1017,-
777,777,1067,991,-
778,778,1181,975,-
779,779,988,939,-
780,780,1113,993,-
781,781,1103,963,-
782,782,1160,975,-
783,783,1069,955,-
784,784,1122,1006,-
785,785,1224,1133,-
786,786,1086,993,-
787,787,1217,1083,-
788,788,1233,1126,-
789,789,1121,1027,-
790,790,1050,828,-
791,791,1157,974,-
792,792,1151,1069,-
793,793,1097,981,-
794,794,1137,1038,-
795,795,1090,1016,-
796,796,1184,1098,-
797,797,1048,934,-
798,798,1143,1070,-
799,799,1061,1001,-
800,800,1161,1072,-
801,801,1153,962,-
802,802,1087,991,-
803,803,1020,933,-
804,804,1037,999,-
805,805,1113,1028,-
806,806,1064,927,-
807,807,1093,1012,-
808,808,1102,1010,-
809,809,1109,1022,-
810,810,1106,891,-
811,811,1086,904,-
812,812,1063,922,-
813,813,1129,1039,-
814,814,1037,927,-
815,815,1207,1130,-
816,816,1073,999,-
817,817,1136,920,-
818,818,1042,944,-
819,819,1125,1038,-
820,820,1047,948,-
821,821,1150,1060,-
822,822,1048,933,-
823,823,1146,985,-
824,824,1090,895,-
825,825,1196,1130,-
826,826,1078,931,-
827,827,1012,919,-
828,828,1127,1025,-
829,829,990,903,-
830,830,956,909,-
831,831,1053,961,-
832,832,1059,983,-
833,833,1103,1027,-
834,834,1077,1022,-
835,835,1117,962,-
836,836,1183,1082,-
837,837,1049,970,-
838,838,1147,1065,-
839,839,1059,896,-
840,840,1130,984,-
841,841,1193,1082,-
842,842,977,827,-
843,843,1072,913,-
844,844,1098,1010,-
845,845,951,816,-
846,846,1027,944,-
847,847,1090,1011,-
848,848,1163,1058,-
849,849,1045,954,-
850,850,1056,985,-
851,851,1078,954,-
852,852,1022,935,-
853,853,1165,1143,-
854,854,1040,970,-
855,855,1142,1068,-
856,856,1226,1044,-
857,857,1126,1044,-
858,858,1044,888,-
859,859,1094,893,-
860,860,1118,948,-
861,861,1026,952,-
862,862,1060,924,-
863,863,1084,992,-
864,864,1099,994,-
865,865,1054,991,-
866,866,1070,928,-
867,867,1101,977,-
868,868,1103,1052,-
869,869,1009,921,-
870,870,1015,889,-
871,871,1117,1020,-
872,872,1033,931,-
873,873,1206,1138,-
874,874,1113,1063,-
875,875,1069,932,-
876,876,1048,972,-
877,877,1038,941,-
878,878,1125,1001,-
879,879,1028,905,-
880,880,1140,1079,-
881,881,1043,900,-
882,882,1022,961,-
883,883,1077,915,-
884,884,879,720,-
885,885,1178,1060,-
886,886,1076,980,-
887,887,1114,958,-
888,888,1143,1054,-
889,889,1057,914,-
890,890,1149,1021,-
891,891,978,861,-
892,892,1076,1046,-
893,893,1089,981,-
894,894,1160,1050,-
895,895,1012,947,-
896,896,961,930,-
897,897,1186,1094,-
898,898,1137,1099,-
899,899,999,908,-
900,900,1027,952,-
901,901,1076,922,-
902,902,997,966,-
903,903,1007,823,-
904,904,1003,920,-
905,905,1027,956,-
906,906,1143,1051,-
907,907,1009,878,-
908,908,1052,976,-
909,909,1272,1013,-
910,910,1094,969,-
911,911,1134,996,-
912,912,1135,1041,-
913,913,983,838,-
914,914,1073,947,-
915,915,1125,1043,-
916,916,1021,851,-
917,917,1042,1004,-
918,918,1148,1043,-
919,919,1092,982,-
920,920,922,840,-
921,921,899,827,-
922,922,1087,951,-
923,923,1166,1047,-
924,924,1047,1001,-
925,925,1148,1086,-
926,926,1051,1059,-
927,927,1132,978,-
928,928,1069,957,-
929,929,907,773,-
930,930,1163,936,-
931,931,1243,1112,-
932,932,1074,941,-
933,933,993,867,-
934,934,940,766,-
935,935,1024,946,-
936,936,1151,951,-
937,937,1133,930,-
938,938,1017,822,-
939,939,1027,908,-
940,940,1219,1082,-
941,941,1043,898,-
942,942,1042,909,-
943,943,1051,1010,-
944,944,1009,860,-
945,945,1072,938,-
946,946,1011,875,-
947,947,1023,836,-
948,948,1152,1155,-
949,949,1036,1007,-
950,950,872,778,-
951,951,1167,1129,-
952,952,995,880,-
953,953,1168,1034,-
954,954,1213,1036,-
955,955,949,815,-
956,956,1157,1008,-
957,957,1035,924,-
958,958,1037,939,-
959,959,1099,1030,-
960,960,1038,909,-
961,961,1066,995,-
962,962,1048,876,-
963,963,1003,933,-
964,964,1137,1105,-
965,965,1142,997,-
966,966,1046,955,-
967,967,1067,1026,-
968,968,1096,958,-
969,969,1167,1115,-
970,970,1026,838,-
971,971,964,801,-
972,972,1317,1263,-
973,973,1136,1008,-
974,974,967,855,-
975,975,1015,943,-
976,976,1242,1211,-
977,977,1214,1139,-
978,978,1168,1119,-
979,979,928,818,-
980,980,1144,1022,-
981,981,976,793,-
982,982,890,777,-
983,983,1072,967,-
984,984,1008,830,-
985,985,1072,1027,-
986,986,937,821,-
987,987,1106,1150,-
988,988,1201,1206,-
989,989,1052,898,-
990,990,922,761,-
991,991,1164,1159,-
992,992,979,898,-
993,993,1299,1159,-
994,994,855,709,-
995,995,1121,1005,-
996,996,1002,876,-
997,997,1213,1042,-
998,998,1100,1022,-
999,999,1047,934,-
1000,1000,1106,917,-
1001,1001,952,800,-
1002,1002,1045,972,-
1003,1003,996,859,-
1004,1004,1077,977,-
1005,1005,1129,993,-
1006,1006,1154,1048,-
1007,1007,993,841,-
1008,1008,1219,1034,-
1009,1009,1006,942,-
1010,1010,1116,872,-
1011,1011,962,808,-
1012,1012,1145,1047,-
1013,1013,1189,1124,-
1014,1014,931,856,-
1015,1015,1143,1106,-
1016,1016,1108,945,-
1017,1017,1133,1037,-
1018,1018,1015,889,-
1019,1019,991,931,-
1020,1020,1121,1023,-
1021,1021,1153,1184,-
1022,1022,1062,876,-
1023,1023,1053,835,-
1024,1024,1069,990,-
1025,1025,1098,1009,-
1026,1026,1125,1089,-
1027,1027,1147,1066,-
1028,1028,1046,958,-
1029,1029,1006,813,-
1030,1030,1064,868,-
1031,1031,897,757,-
1032,1032,1218,1108,-
1033,1033,1159,1080,-
1034,1034,1068,1054,-
1035,1035,1031,884,-
1036,1036,1116,1007,-
1037,1037,922,746,-
1038,1038,1063,1071,-
1039,1039,1048,982,-
1040,1040,939,795,-
1041,1041,1018,961,-
1042,1042,978,830,-
1043,1043,1093,988,-
1044,1044,1026,897,-
1045,1045,920,790,-
1046,1046,993,855,-
1047,1047,1213,1116,-
1048,1048,1124,1077,-
1049,1049,1255,1185,-
1050,1050,1193,1055,-
1051,1051,1026,961,-
1052,1052,943,782,-
1053,1053,1042,1008,-
1054,1054,1115,961,-
1055,1055,848,687,-
1056,1056,892,763,-
1057,1057,996,887,-
1058,1058,1114,1018,-
1059,1059,774,648,-
1060,1060,1113,987,-
1061,1061,1182,1113,-
1062,1062,988,809,-
1063,1063,993,846,-
1064,1064,1145,1008,-
1065,1065,1012,846,-
1066,1066,1052,880,-
1067,1067,1089,950,-
1068,1068,944,762,-
1069,1069,1144,956,-
1070,1070,1033,869,-
1071,1071,912,755,-
1072,1072,1174,1054,-
1073,1073,1056,847,-
1074,1074,935,775,-
1075,1075,1011,796,-
1076,1076,951,803,-
1077,1077,1089,898,-
1078,1078,1083,1056,-
1079,1079,1055,878,-
1080,1080,1086,902,-
1081,1081,1009,883,-
1082,1082,971,866,-
1083,1083,954,757,-
1084,1084,980,853,-
1085,1085,1119,1025,-
1086,1086,912,813,-
1087,1087,1150,1015,-
1088,1088,1104,998,-
1089,1089,1097,1064,-
1090,1090,980,971,-
1091,1091,1215,1136,-
1092,1092,890,731,-
1093,1093,1075,969,-
1094,1094,1084,879,-
1095,1095,926,753,-
1096,1096,1109,964,-
1097,1097,1161,1020,-
1098,1098,1058,882,-
1099,1099,1042,1005,-
1100,1100,1022,938,-
1101,1101,851,757,-
1102,1102,1118,1016,-
1103,1103,895,743,-
1104,1104,1197,971,-
1105,1105,957,842,-
1106,1106,977,902,-
1107,1107,1026,902,-
1108,1108,1195,1229,-
1109,1109,1093,997,-
1110,1110,926,846,-
1111,1111,1106,908,-
1112,1112,922,778,-
1113,1113,1244,1356,-
1114,1114,1003,909,-
1115,1115,1041,877,-
1116,1116,991,836,-
1117,1117,1154,1013,-
1118,1118,1001,864,-
1119,1119,1078,1004,-
1120,1120,1056,933,-
1121,1121,1096,995,-
1122,1122,1022,911,-
1123,1123,918,834,-
1124,1124,865,766,-
1125,1125,1059,924,-
1126,1126,912,758,-
1127,1127,1051,921,-
1128,1128,1012,894,-
1129,1129,1077,880,-
1130,1130,1191,1112,-
1131,1131,958,798,-
1132,1132,1008,900,-
1133,1133,1031,914,-
1134,1134,1117,1001,-
1135,1135,1224,1155,-
1136,1136,1182,1049,-
1137,1137,1023,813,-
1138,1138,1170,1113,-
1139,1139,917,758,-
1140,1140,1082,1014,-
1141,1141,1113,1061,-
1142,1142,1099,1045,-
1143,1143,1116,1055,-
1144,1144,1157,956,-
1145,1145,1173,993,-
1146,1146,1063,928,-
1147,1147,1057,910,-
1148,1148,970,833,-
1149,1149,1223,1067,-
1150,1150,1065,902,-
1151,1151,1092,975,-
1152,1152,966,887,-
1153,1153,1090,965,-
1154,1154,1022,804,-
1155,1155,1035,940,-
1156,1156,1126,999,-
1157,1157,973,819,-
1158,1158,1020,947,-
1159,1159,992,867,-
1160,1160,1040,872,-
1161,1161,1079,956,-
1162,1162,1064,933,-
1163,1163,988,913,-
1164,1164,1213,1070,-
1165,1165,1104,1060,-
1166,1166,1123,1111,-
1167,1167,1011,897,-
1168,1168,1095,1038,-
1169,1169,946,766,-
1170,1170,1140,987,-
1171,1171,1297,1068,-
1172,1172,1042,855,-
1173,1173,1041,961,-
1174,1174,1008,835,-
1175,1175,1017,834,-
1176,1176,1028,857,-
1177,1177,936,798,-
1178,1178,1161,1012,-
1179,1179,1178,1095,-
1180,1180,1072,1023,-
1181,1181,1068,937,-
1182,1182,979,840,-
1183,1183,1051,971,-
1184,1184,1049,963,-
1185,1185,1179,1222,-
1186,1186,1137,1171,-
1187,1187,958,894,-
1188,1188,1077,994,-
1189,1189,1061,1034,-
1190,1190,1115,1066,-
1191,1191,1052,1031,-
1192,1192,1194,1052,-
1193,1193,1005,861,-
1194,1194,1312,1140,-
1195,1195,1050,896,-
1196,1196,1117,1008,-
1197,1197,1017,832,-
1198,1198,1104,1089,-
1199,1199,967,796,-
1200,1200,1075,956,-
1201,1201,1054,966,-
1202,1202,1137,1050,-
1203,1203,1083,1055,-
1204,1204,962,859,-
1205,1205,1011,966,-
1206,1206,1188,1036,-
1207,1207,1140,1054,-
1208,1208,1038,968,-
1209,1209,1014,945,-
1210,1210,1190,1068,-
1211,1211,1061,1014,-
1212,1212,1134,1001,-
1213,1213,1142,1065,-
1214,1214,1202,1194,-
1215,1215,1176,1170,-
1216,1216,1261,1182,-
1217,1217,968,895,-
1218,1218,1170,1076,-
1219,1219,961,804,-
1220,1220,1113,1012,-
1221,1221,1061,1022,-
1222,1222,1183,1114,-
1223,1223,962,885,-
1224,1224,1157,1084,-
1225,1225,1062,1000,-
1226,1226,1143,1073,-
1227,1227,1122,991,-
1228,1228,1108,1035,-
1229,1229,1071,947,-
1230,1230,1108,981,-
1231,1231,1149,1051,-
1232,1232,1073,1023,-
1233,1233,1274,1137,-
1234,1234,1046,889,-
1235,1235,1168,1002,-
1236,1236,1158,1074,-
1237,1237,1151,1080,-
1238,1238,1171,1132,-
1239,1239,1059,1026,-
1240,1240,1129,1062,-
1241,1241,1209,1087,-
1242,1242,1194,1004,-
1243,1243,1088,961,-
1244,1244,982,882,-
1245,1245,1044,1023,-
1246,1246,1052,1069,-
1247,1247,1171,1180,-
1248,1248,1098,990,-
1249,1249,994,904,-
1250,1250,1081,1033,-
1251,1251,1102,1007,-
1252,1252,1187,1011,-
1253,1253,1111,979,-
1254,1254,981,840,-
1255,1255,999,870,-
1256,1256,1176,1058,-
1257,1257,1160,1063,-
1258,1258,959,962,-
1259,1259,1168,1153,-
1260,1260,1008,829,-
1261,1261,1027,895,-
1262,1262,1155,1106,-
1263,1263,1204,1101,-
1264,1264,1166,1065,-
1265,1265,941,838,-
1266,1266,1127,983,-
1267,1267,1251,1163,-
1268,1268,968,826,-
1269,1269,941,782,-
1270,1270,1141,1039,-
1271,1271,1150,1090,-
1272,1272,987,909,-
1273,1273,1090,1035,-
1274,1274,922,847,-
1275,1275,1053,981,-
1276,1276,1136,1046,-
1277,1277,1164,1025,-
1278,1278,1043,1067,-
1279,1279,1088,989,-
1280,1280,1053,936,-
1281,1281,1064,886,-
1282,1282,1164,994,-
1283,1283,1119,1104,-
1284,1284,1055,1027,-
1285,1285,1142,1087,-
1286,1286,982,864,-
1287,1287,997,815,-
1288,1288,1082,924,-
1289,1289,1112,905,-
1290,1290,932,918,-
1291,1291,1109,1013,-
1292,1292,1053,974,-
1293,1293,1166,1108,-
1294,1294,973,815,-
1295,1295,1117,1032,-
1296,1296,1076,925,-
1297,1297,1142,1000,-
1298,1298,1140,1014,-
1299,1299,1114,1009,-
1300,1300,1041,948,-
1301,1301,1152,885,-
1302,1302,1106,977,-
1303,1303,1213,1185,-
1304,1304,1277,1146,-
1305,1305,977,857,-
1306,1306,1062,993,-
1307,1307,1147,1168,-
1308,1308,1090,953,-
1309,1309,1145,1142,-
1310,1310,1071,990,-
1311,1311,1079,935,-
1312,1312,1130,1068,-
1313,1313,1137,965,-
1314,1314,1071,915,-
1315,1315,912,793,-
1316,1316,1042,984,-
1317,1317,1049,915,-
1318,1318,1108,1035,-
1319,1319,1142,1041,-
1320,1320,1153,1038,-
1321,1321,1206,1017,-
1322,1322,1182,1032,-
1323,1323,1261,1187,-
1324,1324,984,939,-
1325,1325,1022,846,-
1326,1326,945,771,-
1327,1327,1302,1260,-
1328,1328,1099,995,-
1329,1329,907,827,-
1330,1330,1077,935,-
1331,1331,1065,992,-
1332,1332,951,798,-
1333,1333,1130,1020,-
1334,1334,939,900,-
1335,1335,1228,1136,-
1336,1336,1032,924,-
1337,1337,1118,1033,-
1338,1338,951,873,-
1339,1339,1207,1071,-
1340,1340,1100,980,-
1341,1341,1207,1032,-
1342,1342,1026,828,-
1343,1343,1089,964,-
1344,1344,1277,1192,-
1345,1345,1093,1050,-
1346,1346,1086,951,-
1347,1347,1075,910,-
1348,1348,987,907,-
1349,1349,1147,1105,-
1350,1350,1048,905,-
1351,1351,1088,1004,-
1352,1352,979,842,-
1353,1353,1199,1107,-
1354,1354,1117,979,-
1355,1355,1007,889,-
1356,1356,1027,900,-
1357,1357,1114,959,-
1358,1358,1102,900,-
1359,1359,907,800,-
1360,1360,1023,923,-
1361,1361,1076,1050,-
1362,1362,1112,1052,-
1363,1363,1251,1156,-
1364,1364,977,836,-
1365,1365,1223,1095,-
1366,1366,1133,1132,-
1367,1367,1283,1179,-
1368,1368,1133,1057,-
1369,1369,1048,869,-
1370,1370,847,757,-
1371,1371,1034,912,-
1372,1372,993,917,-
1373,1373,1128,952,-
1374,1374,1009,900,-
1375,1375,1034,923,-
1376,1376,1232,1044,-
1377,1377,1002,866,-
1378,1378,1054,981,-
1379,1379,1040,925,-
1380,1380,1143,997,-
1381,1381,1074,951,-
1382,1382,881,698,-
1383,1383,1076,897,-
1384,1384,925,885,-
1385,1385,1047,946,-
1386,1386,968,813,-
1387,1387,1113,984,-
1388,1388,1152,1066,-
1389,1389,1034,979,-
1390,1390,1053,960,-
1391,1391,1083,939,-
1392,1392,947,819,-
1393,1393,1059,1019,-
1394,1394,1095,1005,-
1395,1395,1089,1026,-
1396,1396,1095,991,-
1397,1397,1119,902,-
1398,1398,977,814,-
1399,1399,1154,1040,-
1400,1400,1064,973,-
1401,1401,1196,1262,-
1402,1402,1142,1037,-
1403,1403,1037,855,-
1404,1404,1019,901,-
1405,1405,1182,1156,-
1406,1406,1065,950,-
1407,1407,1134,1129,-
1408,1408,1001,966,-
1409,1409,1082,1011,-
1410,1410,1104,989,-
1411,1411,904,800,-
1412,1412,1139,1013,-
1413,1413,973,879,-
1414,1414,1032,1008,-
1415,1415,923,775,-
1416,1416,961,884,-
1417,1417,1159,1035,-
1418,1418,998,822,-
1419,1419,1107,1023,-
1420,1420,1182,988,-
1421,1421,1013,904,-
1422,1422,1011,945,-
1423,1423,1172,1083,-
1424,1424,838,783,-
1425,1425,1018,954,-
1426,1426,1043,916,-
1427,1427,1098,1067,-
1428,1428,956,840,-
1429,1429,936,841,-
1430,1430,1047,1055,-
1431,1431,968,801,-
1432,1432,1216,1217,-
1433,1433,1151,1194,-
1434,1434,1141,1146,-
1435,1435,1020,990,-
1436,1436,1165,1135,-
1437,1437,1121,1113,-
1438,1438,1012,852,-
1439,1439,1165,1146,-
1440,1440,862,784,-
1441,1441,967,840,-
1442,1442,1066,970,-
1443,1443,992,912,-
1444,1444,1372,1300,-
1445,1445,1178,1067,-
1446,1446,1043,885,-
1447,1447,989,830,-
1448,1448,880,728,-
1449,1449,1031,911,-
1450,1450,939,822,-
1451,1451,942,846,-
1452,1452,1194,1181,-
1453,1453,1026,857,-
1454,1454,1156,940,-
1455,1455,1134,952,-
1456,1456,1157,1025,-
1457,1457,1159,928,-
1458,1458,1048,894,-
1459,1459,1164,975,-
1460,1460,904,802,-
1461,1461,1043,885,-
1462,1462,1135,922,-
1463,1463,1172,1035,-
1464,1464,1127,1080,-
1465,1465,1165,984,-
1466,1466,928,795,-
1467,1467,1112,952,-
1468,1468,1207,1122,-
1469,1469,1043,913,-
1470,1470,971,780,-
1471,1471,1018,834,-
1472,1472,889,803,-
1473,1473,1113,1037,-
1474,1474,914,775,-
1475,1475,950,862,-
1476,1476,1025,936,-
1477,1477,1069,873,-
1478,1478,1038,961,-
1479,1479,1139,1030,-
1480,1480,993,944,-
1481,1481,993,867,-
1482,1482,1132,932,-
1483,1483,1032,890,-
1484,1484,1101,1011,-
1485,1485,1065,952,-
1486,1486,960,859,-
1487,1487,949,813,-
1488,1488,1017,887,-
1489,1489,1028,946,-
1490,1490,1098,944,-
1491,1491,940,862,-
1492,1492,1207,1185,-
1493,1493,1168,1072,-
1494,1494,1074,1015,-
1495,1495,1123,952,-
1496,1496,992,908,-
1497,1497,1042,864,-
1498,1498,1081,938,-
1499,1499,971,791,-
1500,1500,1083,880,-
1501,1501,1037,914,-
1502,1502,1000,805,-
1503,1503,1073,1029,-
1504,1504,1013,820,-
1505,1505,1021,923,-
1506,1506,1062,920,-
1507,1507,1104,1011,-
1508,1508,1101,952,-
1509,1509,991,945,-
1510,1510,1074,967,-
1511,1511,1107,1015,-
1512,1512,1032,892,-
1513,1513,994,866,-
1514,1514,1073,1034,-
1515,1515,896,761,-
1516,1516,1122,924,-
1517,1517,1076,987,-
1518,1518,1180,1034,-
1519,1519,1014,933,-
1520,1520,1032,917,-
1521,1521,1097,1021,-
1522,1522,1061,812,-
1523,1523,977,800,-
1524,1524,975,883,-
1525,1525,1013,940,-
1526,1526,1072,992,-
1527,1527,1049,816,-
1528,1528,1147,1088,-
1529,1529,1073,978,-
1530,1530,985,837,-
1531,1531,1113,904,-
1532,1532,1091,980,-
1533,1533,1157,1049,-
1534,1534,1143,962,-
1535,1535,1038,966,-
1536,1536,1116,1073,-
1537,1537,1026,874,-
1538,1538,1039,815,-
1539,1539,1011,900,-
1540,1540,969,841,-
1541,1541,1002,946,-
1542,1542,1097,1087,-
1543,1543,1181,1079,-
1544,1544,999,906,-
1545,1545,1011,907,-
1546,1546,1041,902,-
1547,1547,1010,899,-
1548,1548,1037,892,-
1549,1549,933,850,-
1550,1550,908,792,-
1551,1551,1034,934,-
1552,1552,1026,1074,-
1553,1553,1017,880,-
1554,1554,1112,1006,-
1555,1555,1161,1103,-
1556,1556,1072,931,-
1557,1557,1146,1065,-
1558,1558,943,801,-
1559,1559,1006,962,-
1560,1560,1021,928,-
1561,1561,1096,964,-
1562,1562,929,766,-
1563,1563,1144,1022,-
1564,1564,1143,1061,-
1565,1565,1182,1051,-
1566,1566,1043,942,-
1567,1567,1111,1087,-
1568,1568,1237,1136,-
1569,1569,1119,1025,-
1570,1570,1258,1136,-
1571,1571,938,864,-
1572,1572,985,831,-
1573,1573,985,842,-
1574,1574,961,900,-
1575,1575,1046,947,-
1576,1576,1213,1137,-
1577,1577,1203,1097,-
1578,1578,1114,947,-
1579,1579,1158,1040,-
1580,1580,952,748,-
1581,1581,1095,1026,-
1582,1582,1088,971,-
1583,1583,1086,976,-
1584,1584,1008,919,-
1585,1585,1046,910,-
1586,1586,968,906,-
1587,1587,1021,836,-
1588,1588,1116,1022,-
1589,1589,1025,895,-
1590,1590,1213,1080,-
1591,1591,1082,916,-
1592,1592,1143,1084,-
1593,1593,1121,975,-
1594,1594,975,847,-
1595,1595,919,808,-
1596,1596,1038,868,-
1597,1597,926,837,-
1598,1598,1036,960,-
1599,1599,877,774,-
1600,1600,1105,1004,-
1601,1601,1061,1077,-
1602,1602,948,701,-
1603,1603,990,892,-
1604,1604,1074,942,-
1605,1605,1018,800,-
1606,1606,1069,1064,-
1607,1607,1174,1109,-
1608,1608,1141,1034,-
1609,1609,1291,1308,-
1610,1610,1131,1057,-
1611,1611,1000,844,-
1612,1612,1011,909,-
1613,1613,974,808,-
1614,1614,1192,1115,-
1615,1615,1034,859,-
1616,1616,1046,990,-
1617,1617,1105,965,-
1618,1618,1024,828,-
1619,1619,1005,832,-
1620,1620,1134,1002,-
1621,1621,1052,900,-
1622,1622,1171,1030,-
1623,1623,1019,895,-
1624,1624,943,788,-
1625,1625,1035,892,-
1626,1626,988,907,-
1627,1627,1197,1077,-
1628,1628,1128,994,-
1629,1629,1132,1032,-
1630,1630,1095,1037,-
1631,1631,1054,842,-
1632,1632,1082,995,-
1633,1633,1267,1115,-
1634,1634,1131,1014,-
1635,1635,1248,1142,-
1636,1636,1032,905,-
1637,1637,1167,1082,-
1638,1638,1114,1016,-
1639,1639,1054,967,-
1640,1640,1096,915,-
1641,1641,1005,879,-
1642,1642,1170,1043,-
1643,1643,987,887,-
1644,1644,1257,1152,-
1645,1645,1031,938,-
1646,1646,1058,963,-
1647,1647,1077,992,-
1648,1648,1095,999,-
1649,1649,1205,1097,-
1650,1650,1035,865,-
1651,1651,912,791,-
1652,1652,1114,1073,-
1653,1653,1034,907,-
1654,1654,936,798,-
1655,1655,1223,1108,-
1656,1656,1019,975,-
1657,1657,1059,992,-
1658,1658,1088,1040,-
1659,1659,998,857,-
1660,1660,1198,1197,-
1661,1661,1023,961,-
1662,1662,989,879,-
1663,1663,944,770,-
1664,1664,932,763,-
1665,1665,922,789,-
1666,1666,1083,975,-
1667,1667,1008,862,-
1668,1668,1128,974,-
1669,1669,1013,804,-
1670,1670,1009,838,-
1671,1671,1197,986,-
1672,1672,1054,890,-
1673,1673,1182,1125,-
1674,1674,1109,963,-
1675,1675,1000,826,-
1676,1676,1257,1118,-
1677,1677,1047,917,-
1678,1678,1023,939,-
1679,1679,995,799,-
1680,1680,1029,935,-
1681,1681,1123,1081,-
1682,1682,931,821,-
1683,1683,1088,1050,-
1684,1684,1113,1057,-
1685,1685,1026,874,-
1686,1686,1107,1056,-
1687,1687,1138,1047,-
1688,1688,1253,1062,-
1689,1689,1260,1195,-
1690,1690,1134,1048,-
1691,1691,1031,969,-
1692,1692,1116,1040,-
1693,1693,1024,863,-
1694,1694,1243,1181,-
1695,1695,1075,882,-
1696,1696,980,809,-
1697,1697,1190,1023,-
1698,1698,1017,848,-
1699,1699,1239,1136,-
1700,1700,1119,984,-
1701,1701,939,820,-
1702,1702,1094,1002,-
1703,1703,1196,1023,-
1704,1704,1219,1114,-
1705,1705,1008,894,-
1706,1706,1146,1077,-
1707,1707,1016,880,-
1708,1708,1074,992,-
1709,1709,1147,1063,-
1710,1710,1092,1014,-
1711,1711,1096,994,-
1712,1712,1260,1148,-
1713,1713,976,859,-
1714,1714,906,790,-
1715,1715,1172,1081,-
1716,1716,947,781,-
1717,1717,949,810,-
1718,1718,1063,865,-
1719,1719,962,843,-
1720,1720,994,895,-
1721,1721,1026,914,-
1722,1722,1285,1265,-
1723,1723,1023,990,-
1724,1724,952,868,-
1725,1725,931,852,-
1726,1726,1062,875,-
1727,1727,1058,961,-
1728,1728,1165,1055,-
1729,1729,1204,1144,-
1730,1730,1048,1006,-
1731,1731,1199,1049,-
1732,1732,1135,1108,-
1733,1733,1108,1021,-
1734,1734,1037,877,-
1735,1735,1289,1147,-
1736,1736,991,831,-
1737,1737,949,843,-
1738,1738,1072,1017,-
1739,1739,1085,965,-
1740,1740,1141,1016,-
1741,1741,1063,875,-
1742,1742,1117,1051,-
1743,1743,922,790,-
1744,1744,1143,1050,-
1745,1745,1032,947,-
1746,1746,1029,994,-
1747,1747,1119,1058,-
1748,1748,1084,960,-
1749,1749,1143,1060,-
1750,1750,1156,950,-
1751,1751,990,768,-
1752,1752,978,853,-
1753,1753,1128,1041,-
1754,1754,1151,1030,-
1755,1755,887,731,-
1756,1756,1074,958,-
1757,1757,1114,1062,-
1758,1758,1085,1000,-
1759,1759,925,840,-
1760,1760,1142,1031,-
1761,1761,1116,956,-
1762,1762,993,768,-
1763,1763,1034,895,-
1764,1764,1153,1146,-
1765,1765,1069,907,-
1766,1766,1140,917,-
1767,1767,1106,1023,-
1768,1768,904,771,-
1769,1769,1054,973,-
1770,1770,1020,924,-
1771,1771,1005,918,-
1772,1772,1076,971,-
1773,1773,1038,932,-
1774,1774,1047,938,-
1775,1775,938,830,-
1776,1776,1078,1010,-
1777,1777,1275,1177,-
1778,1778,936,733,-
1779,1779,1194,1013,-
1780,1780,1127,1097,-
1781,1781,1022,867,-
1782,1782,1018,948,-
1783,1783,1117,1045,-
1784,1784,1237,1060,-
1785,1785,1027,932,-
1786,1786,1082,1059,-
1787,1787,1167,1162,-
1788,1788,978,912,-
1789,1789,1241,1238,-
1790,1790,1095,995,-
1791,1791,1079,932,-
1792,1792,1042,950,-
1793,1793,1028,975,-
1794,1794,1101,1113,-
1795,1795,1124,946,-
1796,1796,959,823,-
1797,1797,1006,862,-
1798,1798,1327,1211,-
1799,1799,1011,855,-
1800,1800,1114,970,-
1801,1801,1000,855,-
1802,1802,1167,1012,-
1803,1803,1088,1057,-
1804,1804,1062,974,-
1805,1805,1123,974,-
1806,1806,1090,1004,-
1807,1807,1226,1120,-
1808,1808,1108,940,-
1809,1809,922,825,-
1810,1810,1031,881,-
1811,1811,1095,794,-
1812,1812,1067,1016,-
1813,1813,935,761,-
1814,1814,1169,1137,-
1815,1815,1016,875,-
1816,1816,981,874,-
1817,1817,1104,988,-
1818,1818,908,687,-
1819,1819,1146,973,-
1820,1820,997,882,-
1821,1821,1032,908,-
1822,1822,977,832,-
1823,1823,1016,900,-
1824,1824,942,796,-
1825,1825,1232,1091,-
1826,1826,1037,960,-
1827,1827,933,813,-
1828,1828,987,842,-
1829,1829,972,907,-
1830,1830,957,838,-
1831,1831,1057,978,-
1832,1832,1145,1110,-
1833,1833,1023,956,-
1834,1834,1076,1036,-
1835,1835,986,917,-
1836,1836,1136,983,-
1837,1837,1069,993,-
1838,1838,926,769,-
1839,1839,922,746,-
1840,1840,988,880,-
1841,1841,981,827,-
1842,1842,1224,1110,-
1843,1843,886,771,-
1844,1844,1123,1016,-
1845,1845,1065,957,-
1846,1846,1126,912,-
1847,1847,906,785,-
1848,1848,1137,1075,-
1849,1849,1018,910,-
1850,1850,1207,1056,-
1851,1851,988,827,-
1852,1852,1064,963,-
1853,1853,936,797,-
1854,1854,985,843,-
1855,1855,1128,966,-
1856,1856,1008,875,-
1857,1857,1141,991,-
1858,1858,1094,1033,-
1859,1859,1043,995,-
1860,1860,1035,872,-
1861,1861,1100,960,-
1862,1862,1118,1065,-
1863,1863,962,812,-
1864,1864,941,781,-
1865,1865,1098,1064,-
1866,1866,968,767,-
1867,1867,993,1019,-
1868,1868,1092,1015,-
1869,1869,1039,841,-
1870,1870,1056,914,-
1871,1871,922,786,-
1872,1872,988,807,-
1873,1873,1027,899,-
1874,1874,981,812,-
1875,1875,1023,910,-
1876,1876,1064,967,-
1877,1877,1093,1010,-
1878,1878,1034,955,-
1879,1879,1020,948,-
1880,1880,1224,1122,-
1881,1881,1077,973,-
1882,1882,958,857,-
1883,1883,939,840,-
1884,1884,1141,993,-
1885,1885,918,830,-
1886,1886,1112,1041,-
1887,1887,1005,829,-
1888,1888,1042,796,-
1889,1889,930,802,-
1890,1890,1000,938,-
1891,1891,866,742,-
1892,1892,1124,1037,-
1893,1893,1072,958,-
1894,1894,1107,1063,-
1895,1895,1131,942,-
1896,1896,923,773,-
1897,1897,892,729,-
1898,1898,1012,955,-
1899,1899,1021,861,-
1900,1900,1107,989,-
1901,1901,1061,960,-
1902,1902,1070,929,-
1903,1903,1280,1135,-
1904,1904,1146,1088,-
1905,1905,994,859,-
1906,1906,1108,1008,-
1907,1907,1146,1022,-
1908,1908,1029,871,-
1909,1909,1046,930,-
1910,1910,988,814,-
1911,1911,971,874,-
1912,1912,1018,894,-
1913,1913,1197,1194,-
1914,1914,1148,1143,-
1915,1915,1187,1119,-
1916,1916,963,877,-
1917,1917,1011,926,-
1918,1918,1143,1116,-
1919,1919,973,891,-
1920,1920,1127,1085,-
1921,1921,1249,1270,-
1922,1922,1162,1171,-
1923,1923,856,742,-
1924,1924,1285,1306,-
1925,1925,1102,1030,-
1926,1926,1041,1032,-
1927,1927,1108,1116,-
1928,1928,1107,1041,-
1929,1929,1005,807,-
1930,1930,1170,1070,-
1931,1931,978,839,-
1932,1932,1088,989,-
1933,1933,1146,1046,-
1934,1934,997,851,-
1935,1935,1195,1059,-
1936,1936,1154,1012,-
1937,1937,1063,960,-
1938,1938,1183,988,-
1939,1939,1164,1082,-
1940,1940,861,745,-
1941,1941,1141,878,-
1942,1942,1056,984,-
1943,1943,1119,828,-
1944,1944,1060,996,-
1945,1945,1066,997,-
1946,1946,1172,1061,-
1947,1947,1062,929,-
1948,1948,1076,933,-
1949,1949,1117,992,-
1950,1950,1025,940,-
1951,1951,990,848,-
1952,1952,946,819,-
1953,1953,1102,963,-
1954,1954,1034,948,-
1955,1955,1153,1080,-
1956,1956,1141,1012,-
1957,1957,938,940,-
1958,1958,975,851,-
1959,1959,1141,1030,-
1960,1960,968,852,-
1961,1961,1136,992,-
1962,1962,1012,811,-
1963,1963,1091,960,-
1964,1964,1217,1123,-
1965,1965,1106,1073,-
1966,1966,1022,885,-
1967,1967,1152,1120,-
1968,1968,964,848,-
1969,1969,1202,1221,-
1970,1970,1162,1091,-
1971,1971,918,787,-
1972,1972,1147,1041,-
1973,1973,973,944,-
1974,1974,1118,1027,-
1975,1975,1161,1083,-
1976,1976,1115,1047,-
1977,1977,1068,1005,-
1978,1978,962,937,-
1979,1979,1122,1027,-
1980,1980,1107,1128,-
1981,1981,989,790,-
1982,1982,966,796,-
1983,1983,1217,1160,-
1984,1984,995,834,-
1985,1985,1080,1003,-
1986,1986,1023,859,-
1987,1987,1108,925,-
1988,1988,980,855,-
1989,1989,1093,1057,-
1990,1990,1057,1000,-
1991,1991,939,812,-
1992,1992,914,795,-
1993,1993,1083,991,-
1994,1994,1182,1116,-
1995,1995,1146,1025,-
1996,1996,1213,1102,-
1997,1997,1216,1180,-
1998,1998,1031,895,-
1999,1999,968,811,-
2000,2000,1074,978,-
2001,2001,1066,963,-
2002,2002,1002,800,-
2003,2003,913,692,-
2004,2004,1046,1010,-
2005,2005,1081,921,-
2006,2006,1284,1222,-
2007,2007,1194,1086,-
2008,2008,1158,1075,-
2009,2009,1086,1011,-
2010,2010,1103,996,-
2011,2011,1037,890,-
2012,2012,1147,1016,-
2013,2013,1047,970,-
2014,2014,1164,1066,-
2015,2015,1139,1115,-
2016,2016,1022,918,-
2017,2017,1020,930,-
2018,2018,1209,1075,-
2019,2019,932,835,-
2020,2020,1181,1170,-
2021,2021,975,811,-
2022,2022,1098,947,-
2023,2023,952,798,-
2024,2024,879,753,-
2025,2025,1054,990,-
2026,2026,1059,858,-
2027,2027,999,869,-
2028,2028,1104,1011,-
2029,2029,939,835,-
2030,2030,1016,850,-
2031,2031,962,818,-
2032,2032,959,780,-
2033,2033,1042,853,-
2034,2034,855,711,-
2035,2035,957,801,-
2036,2036,1072,904,-
2037,2037,1203,1146,-
2038,2038,895,766,-
2039,2039,1002,877,-
2040,2040,1024,811,-
2041,2041,1059,929,-
2042,2042,1078,950,-
2043,2043,1074,942,-
2044,2044,1213,1222,-
2045,2045,910,805,-
2046,2046,915,743,-
2047,2047,1209,1156,-
2048,2048,1202,1160,-
2049,2049,1073,996,-
2050,2050,995,944,-
2051,2051,1056,978,-
2052,2052,1050,838,-
2053,2053,1017,945,-
2054,2054,1071,1010,-
2055,2055,963,846,-
2056,2056,1072,1019,-
2057,2057,1094,1079,-
2058,2058,984,931,-
2059,2059,1078,973,-
2060,2060,895,785,-
2061,2061,1106,957,-
2062,2062,1008,857,-
2063,2063,1256,1158,-
2064,2064,1084,960,-
2065,2065,953,781,-
2066,2066,937,778,-
2067,2067,1144,1059,-
2068,2068,925,844,-
2069,2069,968,823,-
2070,2070,926,791,-
2071,2071,998,919,-
2072,2072,1016,876,-
2073,2073,1065,962,-
2074,2074,1170,1006,-
2075,2075,1067,991,-
2076,2076,1008,943,-
2077,2077,1199,1110,-
2078,2078,1129,998,-
2079,2079,1250,1066,-
2080,2080,1072,990,-
2081,2081,1122,1018,-
2082,2082,1269,1150,-
2083,2083,1020,965,-
2084,2084,1067,1002,-
2085,2085,1248,1238,-
2086,2086,1130,1042,-
2087,2087,1076,889,-
2088,2088,1035,961,-
2089,2089,1213,1235,-
2090,2090,1178,1101,-
2091,2091,1096,970,-
2092,2092,1122,1007,-
2093,2093,1162,1102,-
2094,2094,1006,924,-
2095,2095,1051,957,-
2096,2096,1003,880,-
2097,2097,1202,1024,-
2098,2098,1285,1254,-
2099,2099,1166,1108,-
2100,2100,957,839,-
2101,2101,957,862,-
2102,2102,1374,1282,-
2103,2103,1117,1035,-
2104,2104,917,787,-
2105,2105,1066,938,-
2106,2106,979,933,-
2107,2107,1064,986,-
2108,2108,1031,946,-
2109,2109,919,748,-
2110,2110,1098,934,-
2111,2111,1000,802,-
2112,2112,1112,968,-
2113,2113,1124,1144,-
2114,2114,965,883,-
2115,2115,997,795,-
2116,2116,1192,1143,-
2117,2117,910,778,-
2118,2118,998,818,-
2119,2119,1145,1054,-
2120,2120,961,862,-
2121,2121,1120,1003,-
2122,2122,1083,972,-
2123,2123,1062,914,-
2124,2124,1058,1094,-
2125,2125,1067,1004,-
2126,2126,1127,1026,-
2127,2127,985,811,-
2128,2128,1044,948,-
2129,2129,1025,958,-
2130,2130,939,853,-
2131,2131,1005,882,-
2132,2132,974,800,-
2133,2133,1082,870,-
2134,2134,1179,1019,-
2135,2135,967,829,-
2136,2136,1051,982,-
2137,2137,1082,919,-
2138,2138,1313,1266,-
2139,2139,1162,966,-
2140,2140,928,857,-
2141,2141,1007,863,-
2142,2142,1074,926,-
2143,2143,1069,985,-
2144,2144,1081,849,-
2145,2145,1162,970,-
2146,2146,1055,1019,-
2147,2147,1004,862,-
2148,2148,994,854,-
2149,2149,974,891,-
2150,2150,1034,940,-
2151,2151,1085,1038,-
2152,2152,952,757,-
2153,2153,934,752,-
2154,2154,938,723,-
2155,2155,1214,1108,-
2156,2156,1024,792,-
2157,2157,969,798,-
2158,2158,977,879,-
2159,2159,964,851,-
2160,2160,1156,1043,-
2161,2161,1100,926,-
2162,2162,1012,886,-
2163,2163,994,835,-
2164,2164,1016,844,-
2165,2165,1061,936,-
2166,2166,1031,916,-
2167,2167,1036,866,-
2168,2168,1183,1051,-
2169,2169,1044,967,-
2170,2170,1084,952,-
2171,2171,1222,1088,-
2172,2172,1214,1270,-
2173,2173,1144,1105,-
2174,2174,1197,1104,-
2175,2175,1104,1066,-
2176,2176,1143,1086,-
2177,2177,1288,1210,-
2178,2178,1161,1094,-
2179,2179,949,866,-
2180,2180,936,816,-
2181,2181,982,981,-
2182,2182,1012,892,-
2183,2183,1039,960,-
2184,2184,937,886,-
2185,2185,1137,1011,-
2186,2186,982,754,-
2187,2187,1152,1034,-
2188,2188,1228,1065,-
2189,2189,1027,859,-
2190,2190,978,891,-
2191,2191,1152,931,-
2192,2192,983,832,-
2193,2193,1047,1061,-
2194,2194,1091,859,-
2195,2195,1073,902,-
2196,2196,1062,901,-
2197,2197,1174,1083,-
2198,2198,1112,1071,-
2199,2199,1066,910,-
2200,2200,986,840,-
2201,2201,986,785,-
2202,2202,998,864,-
2203,2203,1056,940,-
2204,2204,1112,1047,-
2205,2205,1042,902,-
2206,2206,1017,825,-
2207,2207,996,896,-
2208,2208,1147,972,-
2209,2209,959,852,-
2210,2210,1080,955,-
2211,2211,1201,1144,-
2212,2212,947,737,-
2213,2213,1139,1144,-
2214,2214,1084,920,-
2215,2215,953,815,-
2216,2216,907,731,-
2217,2217,975,862,-
2218,2218,1133,968,-
2219,2219,944,837,-
2220,2220,1115,937,-
2221,2221,932,726,-
2222,2222,1164,956,-
2223,2223,920,811,-
2224,2224,1046,925,-
2225,2225,1017,798,-
2226,2226,907,744,-
2227,2227,1030,910,-
2228,2228,918,770,-
2229,2229,989,787,-
2230,2230,973,779,-
2231,2231,1083,969,-
2232,2232,1058,888,-
2233,2233,1184,1029,-
2234,2234,1123,1017,-
2235,2235,1034,953,-
2236,2236,1000,816,-
2237,2237,1066,980,-
2238,2238,1058,896,-
2239,2239,1054,897,-
2240,2240,1116,1000,-
2241,2241,1002,880,-
2242,2242,1131,1090,-
2243,2243,1091,955,-
2244,2244,1102,946,-
2245,2245,1079,978,-
2246,2246,1188,1076,-
2247,2247,998,933,-
2248,2248,894,732,-
2249,2249,1139,1065,-
2250,2250,1198,1234,-
2251,2251,978,857,-
2252,2252,1140,1030,-
2253,2253,1159,1076,-
2254,2254,976,892,-
2255,2255,868,763,-
2256,2256,1157,1035,-
2257,2257,977,862,-
2258,2258,1031,868,-
2259,2259,1029,985,-
2260,2260,1216,1130,-
2261,2261,1009,1006,-
2262,2262,1129,1056,-
2263,2263,1081,920,-
2264,2264,985,1013,-
2265,2265,1070,1000,-
2266,2266,953,765,-
2267,2267,1122,1127,-
2268,2268,969,841,-
2269,2269,1278,1188,-
2270,2270,986,860,-
2271,2271,1102,1010,-
2272,2272,1127,1012,-
2273,2273,890,831,-
2274,2274,996,907,-
2275,2275,1043,803,-
2276,2276,1049,940,-
2277,2277,1100,1012,-
2278,2278,1020,851,-
2279,2279,1055,910,-
2280,2280,962,834,-
2281,2281,1019,940,-
2282,2282,918,760,-
2283,2283,968,818,-
2284,2284,1014,880,-
2285,2285,984,827,-
2286,2286,1007,821,-
2287,2287,1026,875,-
2288,2288,1173,1045,-
2289,2289,1058,923,-
2290,2290,984,844,-
2291,2291,1010,882,-
2292,2292,1161,1096,-
2293,2293,1131,920,-
2294,2294,922,787,-
2295,2295,1108,900,-
2296,2296,1028,1012,-
2297,2297,957,752,-
2298,2298,966,906,-
2299,2299,917,773,-
2300,2300,902,730,-
2301,2301,1101,882,-
2302,2302,956,819,-
2303,2303,1007,855,-
2304,2304,955,735,-
2305,2305,971,781,-
2306,2306,993,870,-
2307,2307,960,807,-
2308,2308,1121,972,-
2309,2309,1255,1224,-
2310,2310,1007,905,-
2311,2311,1071,920,-
2312,2312,1172,1105,-
2313,2313,1053,917,-
2314,2314,984,752,-
2315,2315,1071,911,-
2316,2316,1163,1082,-
2317,2317,1085,875,-
2318,2318,1019,904,-
2319,2319,1058,946,-
2320,2320,993,885,-
2321,2321,1034,915,-
2322,2322,909,739,-
2323,2323,1028,776,-
2324,2324,1047,961,-
2325,2325,1129,1042,-
2326,2326,1044,1028,-
2327,2327,1021,828,-
2328,2328,1101,952,-
2329,2329,1066,1012,-
2330,2330,996,860,-
2331,2331,934,761,-
2332,2332,987,802,-
2333,2333,1302,1142,-
2334,2334,1121,1061,-
2335,2335,1100,1053,-
2336,2336,1071,916,-
2337,2337,1163,1103,-
2338,2338,951,900,-
2339,2339,1016,899,-
2340,2340,890,822,-
2341,2341,1042,880,-
2342,2342,1148,1062,-
2343,2343,1077,1050,-
2344,2344,1149,1007,-
2345,2345,1158,1065,-
2346,2346,1003,841,-
2347,2347,1011,916,-
2348,2348,1158,1048,-
2349,2349,1074,997,-
2350,2350,1068,988,-
2351,2351,1036,981,-
2352,2352,980,811,-
2353,2353,940,767,-
2354,2354,1044,966,-
2355,2355,981,900,-
2356,2356,1006,897,-
2357,2357,1011,754,-
2358,2358,996,853,-
2359,2359,1072,915,-
2360,2360,1158,1107,-
2361,2361,1181,1076,-
2362,2362,1032,950,-
2363,2363,1204,1199,-
2364,2364,1084,1048,-
2365,2365,1086,1070,-
2366,2366,1058,966,-
2367,2367,1081,1009,-
2368,2368,985,880,-
2369,2369,970,849,-
2370,2370,942,850,-
2371,2371,943,788,-
2372,2372,1082,998,-
2373,2373,1014,875,-
2374,2374,955,801,-
2375,2375,1005,850,-
2376,2376,1201,1132,-
2377,2377,858,759,-
2378,2378,848,740,-
2379,2379,1030,1015,-
2380,2380,1236,1128,-
2381,2381,1148,1087,-
2382,2382,1033,1002,-
2383,2383,1082,953,-
2384,2384,1063,1029,-
2385,2385,949,789,-
2386,2386,982,848,-
2387,2387,1014,840,-
2388,2388,1290,1245,-
2389,2389,933,856,-
2390,2390,1098,1100,-
2391,2391,1017,913,-
2392,2392,1036,919,-
2393,2393,944,825,-
2394,2394,909,826,-
2395,2395,980,888,-
2396,2396,949,817,-
2397,2397,964,912,-
2398,2398,997,891,-
2399,2399,1001,853,-
2400,2400,1025,845,-
2401,2401,1221,1200,-
2402,2402,1006,954,-
2403,2403,888,725,-
2404,2404,1043,1005,-
2405,2405,1189,1061,-
2406,2406,998,860,-
2407,2407,1063,880,-
2408,2408,1254,1148,-
2409,2409,1009,857,-
2410,2410,1155,1084,-
2411,2411,1255,1175,-
2412,2412,1055,1038,-
2413,2413,1065,920,-
2414,2414,1233,1155,-
2415,2415,1012,838,-
2416,2416,900,770,-
2417,2417,1042,881,-
2418,2418,1112,1010,-
2419,2419,920,737,-
2420,2420,1192,1084,-
2421,2421,1005,960,-
2422,2422,1040,915,-
2423,2423,1102,914,-
2424,2424,1120,960,-
2425,2425,896,724,-
2426,2426,1258,1238,-
2427,2427,1045,878,-
2428,2428,1043,872,-
2429,2429,1092,1004,-
2430,2430,1109,938,-
2431,2431,1076,936,-
2432,2432,1037,963,-
2433,2433,1047,950,-
2434,2434,1202,1170,-
2435,2435,1109,1078,-
2436,2436,1129,1038,-
2437,2437,994,862,-
2438,2438,974,870,-
2439,2439,1077,1010,-
2440,2440,826,650,-
2441,2441,931,860,-
2442,2442,1032,902,-
2443,2443,1050,830,-
2444,2444,1192,1067,-
2445,2445,1116,999,-
2446,2446,953,839,-
2447,2447,979,802,-
2448,2448,928,730,-
2449,2449,1106,966,-
2450,2450,993,838,-
2451,2451,976,866,-
2452,2452,1070,932,-
2453,2453,917,816,-
2454,2454,1023,808,-
2455,2455,934,836,-
2456,2456,1074,925,-
2457,2457,979,775,-
2458,2458,980,830,-
2459,2459,984,857,-
2460,2460,1161,1058,-
2461,2461,1077,937,-
2462,2462,1002,809,-
2463,2463,1141,1003,-
2464,2464,1052,930,-
2465,2465,1059,866,-
2466,2466,1024,911,-
2467,2467,938,865,-
2468,2468,1106,868,-
2469,2469,987,865,-
2470,2470,1143,1030,-
2471,2471,1097,925,-
2472,2472,1233,1101,-
2473,2473,1063,927,-
2474,2474,1053,957,-
2475,2475,986,786,-
2476,2476,1011,849,-
2477,2477,1077,918,-
2478,2478,1004,851,-
2479,2479,1033,1011,-
2480,2480,1027,905,-
2481,2481,1142,1096,-
2482,2482,1017,891,-
2483,2483,1021,855,-
2484,2484,1037,940,-
2485,2485,994,880,-
2486,2486,1095,832,-
2487,2487,1012,817,-
2488,2488,1029,929,-
2489,2489,1014,905,-
2490,2490,883,794,-
2491,2491,1024,941,-
2492,2492,1098,1022,-
2493,2493,1044,970,-
2494,2494,1056,873,-
2495,2495,1252,1127,-
2496,2496,1083,918,-
2497,2497,1162,1100,-
2498,2498,1162,1015,-
2499,2499,1104,910,-
2500,2500,1084,856,-
2501,2501,1002,945,-
2502,2502,966,783,-
2503,2503,1023,988,-
2504,2504,1131,1014,-
2505,2505,1042,967,-
2506,2506,1138,961,-
2507,2507,1052,942,-
2508,2508,1004,911,-
2509,2509,992,811,-
2510,2510,1008,875,-
2511,2511,933,789,-
2512,2512,1090,1021,-
2513,2513,1183,1033,-
2514,2514,1024,775,-
2515,2515,1133,991,-
2516,2516,1025,834,-
2517,2517,951,790,-
2518,2518,1023,1005,-
2519,2519,962,739,-
2520,2520,1108,952,-
2521,2521,955,789,-
2522,2522,1099,989,-
2523,2523,920,820,-
2524,2524,1052,887,-
2525,2525,982,782,-
2526,2526,1054,943,-
2527,2527,1102,942,-
2528,2528,988,814,-
2529,2529,963,832,-
2530,2530,952,796,-
2531,2531,1089,991,-
2532,2532,1064,967,-
2533,2533,1105,1022,-
2534,2534,1097,1043,-
2535,2535,973,707,-
2536,2536,1035,879,-
2537,2537,1176,1188,-
2538,2538,1019,907,-
2539,2539,977,828,-
2540,2540,1014,960,-
2541,2541,1032,871,-
2542,2542,1123,1037,-
2543,2543,996,865,-
2544,2544,924,758,-
2545,2545,1009,884,-
2546,2546,934,865,-
2547,2547,976,791,-
2548,2548,964,849,-
2549,2549,957,776,-
2550,2550,938,825,-
2551,2551,992,877,-
2552,2552,890,741,-
2553,2553,1011,918,-
2554,2554,1084,950,-
2555,2555,1150,1032,-
2556,2556,986,907,-
2557,2557,1082,795,-
2558,2558,1263,1131,-
2559,2559,923,775,-
2560,2560,1058,916,-
2561,2561,1119,1076,-
2562,2562,993,965,-
2563,2563,1038,891,-
2564,2564,1035,913,-
2565,2565,1019,891,-
2566,2566,1135,903,-
2567,2567,1001,794,-
2568,2568,1078,935,-
2569,2569,1018,898,-
2570,2570,1092,966,-
2571,2571,948,831,-
2572,2572,956,804,-
2573,2573,1076,924,-
2574,2574,1020,904,-
2575,2575,1064,928,-
2576,2576,1121,1005,-
2577,2577,1005,852,-
2578,2578,993,785,-
2579,2579,870,728,-
2580,2580,1161,1093,-
2581,2581,1119,977,-
2582,2582,1110,1014,-
2583,2583,991,833,-
2584,2584,1031,878,-
2585,2585,1004,862,-
2586,2586,1012,846,-
2587,2587,979,796,-
2588,2588,1043,956,-
2589,2589,989,810,-
2590,2590,977,828,-
2591,2591,1027,949,-
2592,2592,986,831,-
2593,2593,1141,1017,-
2594,2594,1195,1101,-
2595,2595,1053,835,-
2596,2596,968,824,-
2597,2597,1134,1002,-
2598,2598,1194,1001,-
2599,2599,1123,1007,-
2600,2600,1039,905,-
2601,2601,982,786,-
2602,2602,929,744,-
2603,2603,997,855,-
2604,2604,1035,884,-
2605,2605,1025,928,-
2606,2606,928,835,-
2607,2607,1065,972,-
2608,2608,1105,900,-
2609,2609,1084,934,-
2610,2610,1064,940,-
2611,2611,1113,907,-
2612,2612,937,730,-
2613,2613,1029,961,-
2614,2614,948,830,-
2615,2615,1012,932,-
2616,2616,1045,847,-
2617,2617,963,807,-
2618,2618,982,858,-
2619,2619,1030,837,-
2620,2620,1057,849,-
2621,2621,952,755,-
2622,2622,1079,934,-
2623,2623,955,830,-
2624,2624,953,786,-
2625,2625,1002,850,-
2626,2626,1139,1031,-
2627,2627,1018,870,-
2628,2628,986,818,-
2629,2629,1065,928,-
2630,2630,1028,985,-
2631,2631,1044,862,-
2632,2632,1053,875,-
2633,2633,1022,836,-
2634,2634,1121,958,-
2635,2635,1005,870,-
2636,2636,1047,850,-
2637,2637,1031,833,-
2638,2638,1023,895,-
2639,2639,1027,873,-
2640,2640,1042,919,-
2641,2641,1037,958,-
2642,2642,1077,942,-
2643,2643,1034,915,-
2644,2644,1075,968,-
2645,2645,1088,985,-
2646,2646,920,740,-
2647,2647,1060,862,-
2648,2648,1047,907,-
2649,2649,1026,849,-
2650,2650,1092,989,-
2651,2651,1151,1072,-
2652,2652,1033,936,-
2653,2653,976,861,-
2654,2654,960,751,-
2655,2655,1053,1032,-
2656,2656,918,780,-
2657,2657,895,705,-
2658,2658,1085,921,-
2659,2659,866,698,-
2660,2660,1075,922,-
2661,2661,1098,885,-
2662,2662,1020,803,-
2663,2663,1064,902,-
2664,2664,1081,925,-
2665,2665,1142,1041,-
2666,2666,1014,912,-
2667,2667,1057,893,-
2668,2668,1086,922,-
2669,2669,898,800,-
2670,2670,1137,999,-
2671,2671,1258,1158,-
2672,2672,1087,975,-
2673,2673,950,788,-
2674,2674,1168,1036,-
2675,2675,914,762,-
2676,2676,947,838,-
2677,2677,998,913,-
2678,2678,1133,988,-
2679,2679,1251,1182,-
2680,2680,1081,984,-
2681,2681,1111,1060,-
2682,2682,905,770,-
2683,2683,942,819,-
2684,2684,1029,917,-
2685,2685,1068,940,-
2686,2686,1278,1186,-
2687,2687,1092,1019,-
2688,2688,1085,957,-
2689,2689,1000,931,-
2690,2690,1082,926,-
2691,2691,1088,935,-
2692,2692,949,796,-
2693,2693,1117,1034,-
2694,2694,1100,980,-
2695,2695,1124,1011,-
2696,2696,1005,880,-
2697,2697,1079,1013,-
2698,2698,1026,953,-
2699,2699,1113,1105,-
2700,2700,951,791,-
2701,2701,895,757,-
2702,2702,910,812,-
2703,2703,971,869,-
2704,2704,989,847,-
2705,2705,925,768,-
2706,2706,983,856,-
2707,2707,1003,880,-
2708,2708,963,858,-
2709,2709,929,800,-
2710,2710,971,796,-
2711,2711,963,792,-
2712,2712,894,716,-
2713,2713,961,822,-
2714,2714,997,794,-
2715,2715,1022,835,-
2716,2716,1028,891,-
2717,2717,1026,829,-
2718,2718,842,720,-
2719,2719,1093,922,-
2720,2720,897,741,-
2721,2721,1082,832,-
2722,2722,975,768,-
2723,2723,985,780,-
2724,2724,940,812,-
2725,2725,1057,845,-
2726,2726,932,762,-
2727,2727,1001,932,-
2728,2728,1000,840,-
2729,2729,1201,1012,-
2730,2730,924,781,-
2731,2731,1080,901,-
2732,2732,968,787,-
2733,2733,982,837,-
2734,2734,894,701,-
2735,2735,994,788,-
2736,2736,957,783,-
2737,2737,1063,991,-
2738,2738,885,755,-
2739,2739,982,836,-
2740,2740,968,855,-
2741,2741,1046,874,-
2742,2742,1083,958,-
2743,2743,949,776,-
2744,2744,951,748,-
2745,2745,1114,937,-
2746,2746,967,767,-
2747,2747,1023,837,-
2748,2748,978,843,-
2749,2749,1055,962,-
2750,2750,1018,911,-
2751,2751,975,790,-
2752,2752,1125,930,-
2753,2753,1017,856,-
2754,2754,1061,944,-
2755,2755,1016,837,-
2756,2756,1071,840,-
2757,2757,1016,826,-
2758,2758,944,831,-
2759,2759,896,766,-
2760,2760,978,782,-
2761,2761,989,817,-
2762,2762,1095,900,-
2763,2763,1011,833,-
2764,2764,1031,841,-
2765,2765,963,821,-
2766,2766,1094,974,-
2767,2767,1148,1156,-
2768,2768,965,861,-
2769,2769,1036,897,-
2770,2770,1101,850,-
2771,2771,1005,832,-
2772,2772,930,783,-
2773,2773,962,864,-
2774,2774,1040,902,-
2775,2775,945,788,-
2776,2776,990,877,-
2777,2777,990,927,-
2778,2778,1081,918,-
2779,2779,1006,858,-
2780,2780,972,860,-
2781,2781,912,765,-
2782,2782,925,835,-
2783,2783,992,854,-
2784,2784,934,753,-
2785,2785,1046,877,-
2786,2786,993,825,-
2787,2787,1152,1056,-
2788,2788,1027,851,-
2789,2789,1008,865,-
2790,2790,979,814,-
2791,2791,979,785,-
2792,2792,1002,893,-
2793,2793,982,766,-
2794,2794,1019,936,-
2795,2795,841,715,-
2796,2796,996,901,-
2797,2797,1066,942,-
2798,2798,1002,858,-
2799,2799,975,817,-
2800,2800,1057,892,-
2801,2801,952,754,-
2802,2802,943,818,-
2803,2803,1056,898,-
2804,2804,902,795,-
2805,2805,921,815,-
2806,2806,983,770,-
2807,2807,955,783,-
2808,2808,1004,846,-
2809,2809,992,867,-
2810,2810,1061,913,-
2811,2811,980,830,-
2812,2812,1067,935,-
2813,2813,1074,934,-
2814,2814,1062,967,-
2815,2815,979,763,-
2816,2816,917,797,-
2817,2817,964,852,-
2818,2818,995,883,-
2819,2819,998,903,-
2820,2820,953,843,-
2821,2821,980,862,-
2822,2822,1069,926,-
2823,2823,1113,954,-
2824,2824,1080,974,-
2825,2825,1088,908,-
2826,2826,951,796,-
2827,2827,1002,832,-
2828,2828,962,772,-
2829,2829,1088,957,-
2830,2830,949,801,-
2831,2831,1133,1062,-
2832,2832,1194,1097,-
2833,2833,994,889,-
2834,2834,976,779,-
2835,2835,1095,976,-
2836,2836,1063,984,-
2837,2837,956,801,-
2838,2838,1038,890,-
2839,2839,1057,939,-
2840,2840,1001,855,-
2841,2841,940,802,-
2842,2842,994,833,-
2843,2843,998,841,-
2844,2844,1062,906,-
2845,2845,1028,1049,-
2846,2846,1082,1010,-
2847,2847,1022,874,-
2848,2848,1079,915,-
2849,2849,1044,842,-
2850,2850,1044,911,-
2851,2851,1056,948,-
2852,2852,1205,1046,-
2853,2853,977,835,-
2854,2854,905,797,-
2855,2855,1097,978,-
2856,2856,942,769,-
2857,2857,987,853,-
2858,2858,932,816,-
2859,2859,968,803,-
2860,2860,939,766,-
2861,2861,1017,912,-
2862,2862,964,802,-
2863,2863,1010,909,-
2864,2864,971,814,-
2865,2865,1032,978,-
2866,2866,1183,1168,-
2867,2867,1044,932,-
2868,2868,1044,913,-
2869,2869,1149,966,-
2870,2870,976,833,-
2871,2871,1078,1016,-
2872,2872,1039,961,-
2873,2873,1024,899,-
2874,2874,1021,828,-
2875,2875,1075,962,-
2876,2876,1068,941,-
2877,2877,1161,1080,-
2878,2878,1156,950,-
2879,2879,1129,1095,-
2880,2880,1266,1116,-
2881,2881,1059,990,-
2882,2882,1188,1030,-
2883,2883,1109,970,-
2884,2884,1058,999,-
2885,2885,1153,988,-
2886,2886,1027,932,-
2887,2887,980,938,-
2888,2888,1201,1192,-
2889,2889,1091,978,-
2890,2890,1011,787,-
2891,2891,953,786,-
2892,2892,1123,1000,-
2893,2893,963,883,-
2894,2894,1079,1021,-
2895,2895,1004,926,-
2896,2896,1052,811,-
2897,2897,1004,943,-
2898,2898,869,745,-
2899,2899,1197,1020,-
2900,2900,900,775,-
2901,2901,1213,1128,-
2902,2902,1237,1094,-
2903,2903,879,730,-
2904,2904,1172,976,-
2905,2905,1141,1002,-
2906,2906,1054,883,-
2907,2907,876,806,-
2908,2908,1060,997,-
2909,2909,910,741,-
2910,2910,1131,1029,-
2911,2911,986,895,-
2912,2912,1029,944,-
2913,2913,1202,1147,-
2914,2914,1217,1139,-
2915,2915,1086,1032,-
2916,2916,967,771,-
2917,2917,1052,957,-
2918,2918,1058,938,-
2919,2919,1197,1159,-
2920,2920,1237,1153,-
2921,2921,946,800,-
2922,2922,1177,1013,-
2923,2923,1030,874,-
2924,2924,970,871,-
2925,2925,921,857,-
2926,2926,1017,828,-
2927,2927,948,793,-
2928,2928,988,772,-
2929,2929,1017,890,-
2930,2930,1066,893,-
2931,2931,1066,981,-
2932,2932,977,840,-
2933,2933,1108,1035,-
2934,2934,1127,1133,-
2935,2935,1111,988,-
2936,2936,940,825,-
2937,2937,1145,967,-
2938,2938,1091,982,-
2939,2939,880,825,-
2940,2940,1038,879,-
2941,2941,914,752,-
2942,2942,892,719,-
2943,2943,1226,1084,-
2944,2944,1152,959,-
2945,2945,982,873,-
2946,2946,1259,1083,-
2947,2947,1106,920,-
2948,2948,1159,1052,-
2949,2949,999,897,-
2950,2950,1011,926,-
2951,2951,1060,901,-
2952,2952,1057,936,-
2953,2953,997,864,-
2954,2954,1073,859,-
2955,2955,1002,836,-
2956,2956,994,886,-
2957,2957,941,722,-
2958,2958,942,820,-
2959,2959,1157,1075,-
2960,2960,991,1003,-
2961,2961,975,842,-
2962,2962,1167,1062,-
2963,2963,929,765,-
2964,2964,1126,1011,-
2965,2965,864,750,-
2966,2966,972,899,-
2967,2967,1235,1166,-
2968,2968,890,744,-
2969,2969,1058,1048,-
2970,2970,983,913,-
2971,2971,1019,902,-
2972,2972,1084,973,-
2973,2973,1104,1011,-
2974,2974,1279,1328,-
2975,2975,1017,850,-
2976,2976,1175,1089,-
2977,2977,1206,1071,-
2978,2978,953,825,-
2979,2979,914,864,-
2980,2980,1101,1003,-
2981,2981,915,785,-
2982,2982,1034,890,-
2983,2983,986,830,-
2984,2984,1088,1017,-
2985,2985,948,785,-
2986,2986,963,791,-
2987,2987,1211,1071,-
2988,2988,1162,1028,-
2989,2989,1091,976,-
2990,2990,1069,960,-
2991,2991,1077,976,-
2992,2992,1006,900,-
2993,2993,997,943,-
2994,2994,1090,1046,-
2995,2995,931,754,-
2996,2996,1037,905,-
2997,2997,964,767,-
2998,2998,1087,964,-
2999,2999,964,753,-
3000,3000,1011,817,-
3001,3001,1081,1010,-
3002,3002,1095,1005,-
3003,3003,981,836,-
3004,3004,1020,882,-
3005,3005,963,863,-
3006,3006,1205,1151,-
3007,3007,1181,1052,-
3008,3008,1149,982,-
3009,3009,1092,951,-
3010,3010,1157,935,-
3011,3011,1084,999,-
3012,3012,1084,974,-
3013,3013,1048,928,-
3014,3014,1083,915,-
3015,3015,1184,1070,-
3016,3016,1115,994,-
3017,3017,946,812,-
3018,3018,980,822,-
3019,3019,1123,1024,-
3020,3020,1121,964,-
3021,3021,1127,963,-
3022,3022,1167,1020,-
3023,3023,992,830,-
3024,3024,1042,883,-
3025,3025,1102,1031,-
3026,3026,1106,1048,-
3027,3027,1044,992,-
3028,3028,967,904,-
3029,3029,1015,920,-
3030,3030,1057,992,-
3031,3031,1077,915,-
3032,3032,966,930,-
3033,3033,1152,1024,-
3034,3034,983,861,-
3035,3035,1182,1026,-
3036,3036,1029,884,-
3037,3037,1122,983,-
3038,3038,1042,957,-
3039,3039,1112,981,-
3040,3040,928,826,-
3041,3041,1036,925,-
3042,3042,1006,863,-
3043,3043,1043,850,-
3044,3044,1195,1072,-
3045,3045,1072,878,-
3046,3046,992,915,-
3047,3047,1038,812,-
3048,3048,998,933,-
3049,3049,1017,847,-
3050,3050,1118,987,-
3051,3051,1051,956,-
3052,3052,1067,942,-
3053,3053,1192,1087,-
3054,3054,992,865,-
3055,3055,1031,965,-
3056,3056,1118,991,-
3057,3057,1116,974,-
3058,3058,1078,903,-
3059,3059,1008,761,-
3060,3060,984,773,-
3061,3061,1143,1066,-
3062,3062,945,750,-
3063,3063,1116,983,-
3064,3064,1037,945,-
3065,3065,961,828,-
3066,3066,1082,847,-
3067,3067,1116,1065,-
3068,3068,1009,798,-
3069,3069,1174,980,-
3070,3070,1094,1044,-
3071,3071,972,876,-
3072,3072,1078,957,-
3073,3073,990,830,-
3074,3074,1043,895,-
3075,3075,1109,933,-
3076,3076,908,784,-
3077,3077,1042,840,-
3078,3078,1018,973,-
3079,3079,949,815,-
3080,3080,1167,1112,-
3081,3081,1120,1022,-
3082,3082,1094,896,-
3083,3083,1123,1076,-
3084,3084,888,720,-
3085,3085,988,921,-
3086,3086,991,813,-
3087,3087,976,821,-
3088,3088,1037,935,-
3089,3089,1062,897,-
3090,3090,1175,1028,-
3091,3091,1018,958,-
3092,3092,858,735,-
3093,3093,993,823,-
3094,3094,1109,1018,-
3095,3095,949,867,-
3096,3096,1092,938,-
3097,3097,1112,1011,-
3098,3098,1038,916,-
3099,3099,1112,1000,-
3100,3100,945,777,-
3101,3101,1126,984,-
3102,3102,977,820,-
3103,3103,1151,980,-
3104,3104,1067,941,-
3105,3105,1094,943,-
3106,3106,1076,914,-
3107,3107,1172,1081,-
3108,3108,1076,978,-
3109,3109,878,677,-
3110,3110,1110,1062,-
3111,3111,1146,990,-
3112,3112,1138,1040,-
3113,3113,1066,921,-
3114,3114,1112,1024,-
3115,3115,1112,1073,-
3116,3116,1014,908,-
3117,3117,1143,1072,-
3118,3118,1188,1016,-
3119,3119,1109,1002,-
3120,3120,902,772,-
3121,3121,886,787,-
3122,3122,1047,918,-
3123,3123,917,725,-
3124,3124,1047,952,-
3125,3125,1076,985,-
3126,3126,1143,951,-
3127,3127,1082,893,-
3128,3128,991,860,-
3129,3129,1034,883,-
3130,3130,1048,896,-
3131,3131,1083,918,-
3132,3132,1004,891,-
3133,3133,1044,843,-
3134,3134,1041,896,-
3135,3135,1138,1022,-
3136,3136,991,870,-
3137,3137,1073,975,-
3138,3138,1176,1097,-
3139,3139,1238,1187,-
3140,3140,1165,1055,-
3141,3141,1057,1028,-
3142,3142,1238,1217,-
3143,3143,1059,1036,-
3144,3144,978,874,-
3145,3145,982,850,-
3146,3146,1125,1011,-
3147,3147,1053,953,-
3148,3148,1134,975,-
3149,3149,1223,1164,-
3150,3150,1056,947,-
3151,3151,1213,1093,-
3152,3152,1109,956,-
3153,3153,1137,1041,-
3154,3154,1104,1086,-
3155,3155,1127,1058,-
3156,3156,1119,1049,-
3157,3157,1127,1053,-
3158,3158,1185,1024,-
3159,3159,1126,1038,-
3160,3160,1166,1088,-
3161,3161,1058,977,-
3162,3162,1018,790,-
3163,3163,1002,796,-
3164,3164,1029,868,-
3165,3165,1054,873,-
3166,3166,957,820,-
3167,3167,1021,946,-
3168,3168,1012,895,-
3169,3169,1128,980,-
3170,3170,1174,1073,-
3171,3171,1012,854,-
3172,3172,1034,899,-
3173,3173,1112,994,-
3174,3174,996,860,-
3175,3175,899,722,-
3176,3176,1017,845,-
3177,3177,1076,906,-
3178,3178,1133,942,-
3179,3179,1177,1070,-
3180,3180,1017,932,-
3181,3181,1074,906,-
3182,3182,1151,980,-
3183,3183,857,725,-
3184,3184,1060,921,-
3185,3185,904,774,-
3186,3186,1034,926,-
3187,3187,1007,825,-
3188,3188,962,833,-
3189,3189,1114,891,-
3190,3190,1048,918,-
3191,3191,1068,902,-
3192,3192,1027,876,-
3193,3193,1151,1011,-
3194,3194,1039,835,-
3195,3195,1047,931,-
3196,3196,906,731,-
3197,3197,961,798,-
3198,3198,1040,860,-
3199,3199,968,742,-
3200,3200,1041,925,-
3201,3201,1173,1000,-
3202,3202,1051,860,-
3203,3203,1061,893,-
3204,3204,1128,995,-
3205,3205,979,920,-
3206,3206,1277,1110,-
3207,3207,1159,1032,-
3208,3208,1041,868,-
3209,3209,1187,1064,-
3210,3210,1115,1002,-
3211,3211,1158,1137,-
3212,3212,933,799,-
3213,3213,1076,912,-
3214,3214,1053,894,-
3215,3215,1004,813,-
3216,3216,991,897,-
3217,3217,862,703,-
3218,3218,906,788,-
3219,3219,1068,991,-
3220,3220,1093,860,-
3221,3221,987,945,-
3222,3222,940,776,-
3223,3223,837,703,-
3224,3224,1137,1046,-
3225,3225,973,940,-
3226,3226,1132,994,-
3227,3227,1091,1000,-
3228,3228,928,785,-
3229,3229,1006,905,-
3230,3230,1244,1178,-
3231,3231,960,823,-
3232,3232,1099,1018,-
3233,3233,1089,1011,-
3234,3234,1008,932,-
3235,3235,1087,1006,-
3236,3236,931,865,-
3237,3237,1106,1001,-
3238,3238,1142,974,-
3239,3239,1008,953,-
3240,3240,995,842,-
3241,3241,1072,888,-
3242,3242,1044,803,-
3243,3243,1146,984,-
3244,3244,1011,851,-
3245,3245,1179,1081,-
3246,3246,1172,1027,-
3247,3247,1085,825,-
3248,3248,1066,782,-
3249,3249,1179,1013,-
3250,3250,1032,960,-
3251,3251,1038,951,-
3252,3252,1117,960,-
3253,3253,1006,842,-
3254,3254,1107,995,-
3255,3255,1044,883,-
3256,3256,1083,1037,-
3257,3257,1141,1048,-
3258,3258,1063,1019,-
3259,3259,1139,1060,-
3260,3260,1196,1072,-
3261,3261,1057,951,-
3262,3262,1062,875,-
3263,3263,968,850,-
3264,3264,840,670,-
3265,3265,1046,963,-
3266,3266,959,876,-
3267,3267,1115,965,-
3268,3268,947,874,-
3269,3269,999,908,-
3270,3270,1041,778,-
3271,3271,984,793,-
3272,3272,919,730,-
3273,3273,987,752,-
3274,3274,1040,952,-
3275,3275,992,801,-
3276,3276,1017,930,-
3277,3277,1097,1017,-
3278,3278,1029,893,-
3279,3279,972,806,-
3280,3280,949,801,-
3281,3281,1026,891,-
3282,3282,1212,1105,-
3283,3283,1081,972,-
3284,3284,959,727,-
3285,3285,1039,957,-
3286,3286,1039,948,-
3287,3287,1062,1065,-
3288,3288,1039,847,-
3289,3289,1057,941,-
3290,3290,1182,1174,-
3291,3291,1157,1019,-
3292,3292,1153,1123,-
3293,3293,1014,706,-
3294,3294,1017,910,-
3295,3295,1122,992,-
3296,3296,1086,999,-
3297,3297,958,740,-
3298,3298,1007,835,-
3299,3299,1171,1085,-
3300,3300,1047,912,-
3301,3301,1082,856,-
3302,3302,1177,1018,-
3303,3303,934,839,-
3304,3304,1132,932,-
3305,3305,1082,897,-
3306,3306,1068,945,-
3307,3307,1103,1029,-
3308,3308,1080,887,-
3309,3309,1023,897,-
3310,3310,913,768,-
3311,3311,1042,866,-
3312,3312,969,907,-
3313,3313,1003,918,-
3314,3314,938,716,-
3315,3315,1087,934,-
3316,3316,968,845,-
3317,3317,951,827,-
3318,3318,1112,1101,-
3319,3319,1133,1047,-
3320,3320,1162,1070,-
3321,3321,1177,1135,-
3322,3322,963,759,-
3323,3323,1001,888,-
3324,3324,1065,981,-
3325,3325,1037,956,-
3326,3326,994,928,-
3327,3327,1030,850,-
3328,3328,867,743,-
3329,3329,1063,970,-
3330,3330,1066,970,-
3331,3331,988,932,-
3332,3332,1022,857,-
3333,3333,1003,807,-
3334,3334,1110,1001,-
3335,3335,1068,1052,-
3336,3336,1058,961,-
3337,3337,908,721,-
3338,3338,1247,1175,-
3339,3339,1096,983,-
3340,3340,981,816,-
3341,3341,983,858,-
3342,3342,942,801,-
3343,3343,1108,1026,-
3344,3344,1184,1095,-
3345,3345,984,767,-
3346,3346,1133,1082,-
3347,3347,1139,967,-
3348,3348,1170,1073,-
3349,3349,1053,933,-
3350,3350,1196,1139,-
3351,3351,1037,867,-
3352,3352,1046,904,-
3353,3353,1122,1006,-
3354,3354,1133,1156,-
3355,3355,1081,964,-
3356,3356,1008,933,-
3357,3357,1159,1047,-
3358,3358,993,910,-
3359,3359,1267,1254,-
3360,3360,1104,996,-
3361,3361,1048,960,-
3362,3362,1102,892,-
3363,3363,1083,1002,-
3364,3364,1113,1021,-
3365,3365,1039,972,-
3366,3366,1234,1171,-
3367,3367,1081,1020,-
3368,3368,954,811,-
3369,3369,1120,1115,-
3370,3370,1063,1020,-
3371,3371,1141,1036,-
3372,3372,957,826,-
3373,3373,948,795,-
3374,3374,1151,1036,-
3375,3375,1077,1009,-
3376,3376,1187,1076,-
3377,3377,1123,934,-
3378,3378,1072,903,-
3379,3379,1005,923,-
3380,3380,1025,904,-
3381,3381,955,846,-
3382,3382,960,872,-
3383,3383,1055,805,-
3384,3384,1126,956,-
3385,3385,934,838,-
3386,3386,1041,939,-
3387,3387,1047,960,-
3388,3388,1134,1018,-
3389,3389,905,761,-
3390,3390,926,871,-
3391,3391,936,838,-
3392,3392,1228,1137,-
3393,3393,1070,978,-
3394,3394,1036,843,-
3395,3395,957,777,-
3396,3396,987,810,-
3397,3397,1054,944,-
3398,3398,1091,1004,-
3399,3399,1090,947,-
3400,3400,1056,858,-
3401,3401,1140,990,-
3402,3402,984,887,-
3403,3403,976,833,-
3404,3404,1147,996,-
3405,3405,1282,1168,-
3406,3406,1057,912,-
3407,3407,1183,1113,-
3408,3408,1098,897,-
3409,3409,942,753,-
3410,3410,1083,981,-
3411,3411,979,805,-
3412,3412,1104,1003,-
3413,3413,1202,1162,-
3414,3414,862,757,-
3415,3415,1042,943,-
3416,3416,947,824,-
3417,3417,1077,1017,-
3418,3418,1152,1117,-
3419,3419,1002,880,-
3420,3420,1059,1005,-
3421,3421,1196,1182,-
3422,3422,1128,1020,-
3423,3423,910,760,-
3424,3424,1022,960,-
3425,3425,1181,1200,-
3426,3426,971,870,-
3427,3427,1227,1122,-
3428,3428,1009,861,-
3429,3429,1110,974,-
3430,3430,1112,1195,-
3431,3431,987,835,-
3432,3432,1022,972,-
3433,3433,1216,1113,-
3434,3434,927,785,-
3435,3435,962,802,-
3436,3436,1066,1020,-
3437,3437,1035,904,-
3438,3438,1123,1095,-
3439,3439,969,793,-
3440,3440,1203,1102,-
3441,3441,978,955,-
3442,3442,1248,1113,-
3443,3443,891,802,-
3444,3444,1116,1027,-
3445,3445,1039,839,-
3446,3446,926,825,-
3447,3447,1004,896,-
3448,3448,1122,1082,-
3449,3449,1106,967,-
3450,3450,1032,910,-
3451,3451,1146,1020,-
3452,3452,1054,922,-
3453,3453,942,728,-
3454,3454,1090,975,-
3455,3455,944,874,-
3456,3456,1006,868,-
3457,3457,1066,977,-
3458,3458,1147,1019,-
3459,3459,1083,910,-
3460,3460,1130,1058,-
3461,3461,1062,933,-
3462,3462,1174,1100,-
3463,3463,973,860,-
3464,3464,919,748,-
3465,3465,1172,1007,-
3466,3466,927,883,-
3467,3467,1076,992,-
3468,3468,1037,853,-
3469,3469,981,888,-
3470,3470,1182,1146,-
3471,3471,1117,1127,-
3472,3472,1178,982,-
3473,3473,1154,1153,-
3474,3474,993,832,-
3475,3475,1167,1102,-
3476,3476,1007,873,-
3477,3477,1101,1017,-
3478,3478,1059,875,-
3479,3479,1131,996,-
3480,3480,1054,883,-
3481,3481,988,859,-
3482,3482,1059,887,-
3483,3483,1053,917,-
3484,3484,965,878,-
3485,3485,1038,970,-
3486,3486,997,821,-
3487,3487,1028,888,-
3488,3488,975,782,-
3489,3489,1008,893,-
3490,3490,901,730,-
3491,3491,994,953,-
3492,3492,889,742,-
3493,3493,947,835,-
3494,3494,1107,970,-
3495,3495,938,780,-
3496,3496,1122,1085,-
3497,3497,959,775,-
3498,3498,1055,873,-
3499,3499,1017,853,-
3500,3500,943,844,-
3501,3501,1031,893,-
3502,3502,1128,904,-
3503,3503,1032,880,-
3504,3504,1028,903,-
3505,3505,1046,901,-
3506,3506,1047,980,-
3507,3507,962,847,-
3508,3508,949,811,-
3509,3509,1114,1005,-
3510,3510,971,875,-
3511,3511,1033,944,-
3512,3512,1118,980,-
3513,3513,1027,836,-
3514,3514,1064,965,-
3515,3515,1073,949,-
3516,3516,1088,968,-
3517,3517,968,836,-
3518,3518,1020,815,-
3519,3519,987,812,-
3520,3520,1061,1037,-
3521,3521,994,925,-
3522,3522,1127,1008,-
3523,3523,1069,933,-
3524,3524,1107,1074,-
3525,3525,1242,1137,-
3526,3526,989,838,-
3527,3527,1211,1127,-
3528,3528,1135,1080,-
3529,3529,1017,1014,-
3530,3530,1000,818,-
3531,3531,1092,1002,-
3532,3532,1113,1000,-
3533,3533,1127,1100,-
3534,3534,1019,900,-
3535,3535,939,817,-
3536,3536,1044,976,-
3537,3537,1125,1090,-
3538,3538,1219,1071,-
3539,3539,1043,916,-
3540,3540,1009,922,-
3541,3541,1097,917,-
3542,3542,1079,1011,-
3543,3543,1025,867,-
3544,3544,997,872,-
3545,3545,1250,1214,-
3546,3546,1075,968,-
3547,3547,1161,1051,-
3548,3548,1014,798,-
3549,3549,1087,980,-
3550,3550,1100,971,-
3551,3551,1297,1103,-
3552,3552,1117,998,-
3553,3553,1017,883,-
3554,3554,1014,870,-
3555,3555,1132,1043,-
3556,3556,1173,1113,-
3557,3557,1144,1050,-
3558,3558,1072,965,-
3559,3559,1017,935,-
3560,3560,1066,966,-
3561,3561,1127,1103,-
3562,3562,1101,1007,-
3563,3563,1215,1122,-
3564,3564,1057,955,-
3565,3565,1194,1123,-
3566,3566,1127,995,-
3567,3567,1277,1287,-
3568,3568,1072,983,-
3569,3569,1041,973,-
3570,3570,1053,939,-
3571,3571,1088,1000,-
3572,3572,1080,893,-
3573,3573,1066,996,-
3574,3574,977,847,-
3575,3575,1149,1058,-
3576,3576,1106,988,-
3577,3577,1144,1029,-
3578,3578,1124,1062,-
3579,3579,971,793,-
3580,3580,948,805,-
3581,3581,1034,873,-
3582,3582,1056,931,-
3583,3583,969,835,-
3584,3584,1336,1223,-
3585,3585,1233,1118,-
3586,3586,1062,912,-
3587,3587,1015,866,-
3588,3588,986,844,-
3589,3589,987,860,-
3590,3590,1072,930,-
3591,3591,1024,898,-
3592,3592,1037,880,-
3593,3593,949,826,-
3594,3594,1254,1052,-
3595,3595,1130,982,-
3596,3596,1077,1010,-
3597,3597,1174,1073,-
3598,3598,999,887,-
3599,3599,1093,1024,-
3600,3600,1071,850,-
3601,3601,1106,870,-
3602,3602,1024,897,-
3603,3603,1038,948,-
3604,3604,994,789,-
3605,3605,1149,1010,-
3606,3606,1044,955,-
3607,3607,1180,985,-
3608,3608,1043,975,-
3609,3609,1265,1325,-
3610,3610,1058,1026,-
3611,3611,1007,926,-
3612,3612,1177,1100,-
3613,3613,950,825,-
3614,3614,953,800,-
3615,3615,888,729,-
3616,3616,999,850,-
3617,3617,1029,891,-
3618,3618,1223,1097,-
3619,3619,1068,938,-
3620,3620,1246,1110,-
3621,3621,1074,953,-
3622,3622,994,893,-
3623,3623,1105,991,-
3624,3624,1082,897,-
3625,3625,1052,986,-
3626,3626,1022,917,-
3627,3627,986,731,-
3628,3628,1111,978,-
3629,3629,986,884,-
3630,3630,950,780,-
3631,3631,1005,845,-
3632,3632,1025,896,-
3633,3633,1053,991,-
3634,3634,1092,877,-
3635,3635,879,721,-
3636,3636,1282,1334,-
3637,3637,1009,892,-
3638,3638,1064,953,-
3639,3639,985,800,-
3640,3640,1044,928,-
3641,3641,1272,1042,-
3642,3642,970,794,-
3643,3643,1185,1117,-
3644,3644,1072,908,-
3645,3645,979,800,-
3646,3646,932,783,-
3647,3647,932,785,-
3648,3648,989,799,-
3649,3649,992,865,-
3650,3650,1155,1062,-
3651,3651,1024,936,-
3652,3652,1076,943,-
3653,3653,1004,973,-
3654,3654,1105,965,-
3655,3655,1102,1015,-
3656,3656,1182,1063,-
3657,3657,1088,965,-
3658,3658,937,787,-
3659,3659,1202,1096,-
3660,3660,1054,943,-
3661,3661,1097,930,-
3662,3662,1132,955,-
3663,3663,1224,1127,-
3664,3664,1174,1140,-
3665,3665,1143,1041,-
3666,3666,1158,1081,-
3667,3667,1176,1060,-
3668,3668,1103,983,-
3669,3669,1137,1046,-
3670,3670,1108,1129,-
3671,3671,1032,882,-
3672,3672,1077,957,-
3673,3673,1173,1067,-
3674,3674,1104,931,-
3675,3675,1117,966,-
3676,3676,1024,931,-
3677,3677,1076,981,-
3678,3678,1058,924,-
3679,3679,949,814,-
3680,3680,1057,976,-
3681,3681,1082,1025,-
3682,3682,1217,1038,-
3683,3683,1016,939,-
3684,3684,1052,899,-
3685,3685,923,796,-
3686,3686,1056,937,-
3687,3687,1155,983,-
3688,3688,1110,845,-
3689,3689,1036,957,-
3690,3690,1237,1167,-
3691,3691,1043,939,-
3692,3692,1068,1025,-
3693,3693,1177,1039,-
3694,3694,1158,1073,-
3695,3695,992,900,-
3696,3696,1128,1100,-
3697,3697,1287,1128,-
3698,3698,1120,1042,-
3699,3699,1104,1028,-
3700,3700,1067,987,-
3701,3701,1126,1052,-
3702,3702,1218,1137,-
3703,3703,1142,1080,-
3704,3704,1086,1005,-
3705,3705,928,757,-
3706,3706,1089,932,-
3707,3707,1253,1147,-
3708,3708,1176,1054,-
3709,3709,1151,950,-
3710,3710,1123,953,-
3711,3711,1233,1120,-
3712,3712,1117,1068,-
3713,3713,1079,958,-
3714,3714,988,788,-
3715,3715,932,808,-
3716,3716,1179,1165,-
3717,3717,1045,950,-
3718,3718,1276,1300,-
3719,3719,1067,976,-
3720,3720,1053,855,-
3721,3721,901,777,-
3722,3722,1136,1077,-
3723,3723,1146,1033,-
3724,3724,1024,961,-
3725,3725,1122,1118,-
3726,3726,942,786,-
3727,3727,1054,966,-
3728,3728,1063,907,-
3729,3729,1114,1025,-
3730,3730,945,795,-
3731,3731,1039,893,-
3732,3732,1177,1108,-
3733,3733,916,736,-
3734,3734,946,890,-
3735,3735,1094,914,-
3736,3736,1024,851,-
3737,3737,961,841,-
3738,3738,1209,1176,-
3739,3739,1053,908,-
3740,3740,1064,828,-
3741,3741,963,815,-
3742,3742,985,887,-
3743,3743,1268,1158,-
3744,3744,956,836,-
3745,3745,1086,903,-
3746,3746,1242,1128,-
3747,3747,1037,831,-
3748,3748,1035,832,-
3749,3749,922,763,-
3750,3750,1189,1068,-
3751,3751,976,928,-
3752,3752,1057,1013,-
3753,3753,958,764,-
3754,3754,1067,968,-
3755,3755,1076,1063,-
3756,3756,1191,1140,-
3757,3757,918,775,-
3758,3758,1029,853,-
3759,3759,1078,1030,-
3760,3760,949,840,-
3761,3761,1054,943,-
3762,3762,1112,1026,-
3763,3763,964,885,-
3764,3764,1208,1054,-
3765,3765,1024,882,-
3766,3766,1058,917,-
3767,3767,1086,995,-
3768,3768,1043,927,-
3769,3769,871,758,-
3770,3770,1042,924,-
3771,3771,986,760,-
3772,3772,1041,1016,-
3773,3773,882,769,-
3774,3774,1117,1061,-
3775,3775,1170,1038,-
3776,3776,981,817,-
3777,3777,1128,968,-
3778,3778,1038,904,-
3779,3779,1053,954,-
3780,3780,914,815,-
3781,3781,1044,960,-
3782,3782,1065,976,-
3783,3783,1075,896,-
3784,3784,968,857,-
3785,3785,898,728,-
3786,3786,1175,1051,-
3787,3787,1147,1021,-
3788,3788,1026,980,-
3789,3789,1066,876,-
3790,3790,1008,838,-
3791,3791,992,946,-
3792,3792,1048,911,-
3793,3793,1173,1080,-
3794,3794,1046,882,-
3795,3795,1170,1076,-
3796,3796,1086,916,-
3797,3797,1122,1101,-
3798,3798,1078,958,-
3799,3799,1087,944,-
3800,3800,1042,888,-
3801,3801,1203,1058,-
3802,3802,935,777,-
3803,3803,1106,882,-
3804,3804,1042,870,-
3805,3805,978,761,-
3806,3806,977,822,-
3807,3807,1098,1014,-
3808,3808,1088,907,-
3809,3809,1064,913,-
3810,3810,935,820,-
3811,3811,930,745,-
3812,3812,1063,855,-
3813,3813,966,795,-
3814,3814,1029,845,-
3815,3815,1004,872,-
3816,3816,1019,912,-
3817,3817,1065,917,-
3818,3818,1162,995,-
3819,3819,1055,957,-
3820,3820,976,822,-
3821,3821,1061,902,-
3822,3822,956,753,-
3823,3823,1068,960,-
3824,3824,1082,918,-
3825,3825,952,823,-
3826,3826,1142,972,-
3827,3827,948,843,-
3828,3828,1119,1063,-
3829,3829,1017,824,-
3830,3830,1074,970,-
3831,3831,1099,1023,-
3832,3832,1035,900,-
3833,3833,1042,933,-
3834,3834,1017,828,-
3835,3835,1171,1030,-
3836,3836,1088,986,-
3837,3837,986,821,-
3838,3838,1157,837,-
3839,3839,994,797,-
3840,3840,993,844,-
3841,3841,1208,1165,-
3842,3842,1095,913,-
3843,3843,1187,1068,-
3844,3844,1238,1147,-
3845,3845,939,746,-
3846,3846,1196,1131,-
3847,3847,1135,1100,-
3848,3848,1117,1083,-
3849,3849,1039,964,-
3850,3850,1174,1100,-
3851,3851,973,791,-
3852,3852,1147,1111,-
3853,3853,873,771,-
3854,3854,1159,1054,-
3855,3855,1044,894,-
3856,3856,1130,1002,-
3857,3857,1056,911,-
3858,3858,1004,907,-
3859,3859,1108,1010,-
3860,3860,1106,987,-
3861,3861,1019,851,-
3862,3862,1056,901,-
3863,3863,1120,1014,-
3864,3864,1093,933,-
3865,3865,943,755,-
3866,3866,1023,837,-
3867,3867,1153,1066,-
3868,3868,1042,946,-
3869,3869,962,830,-
3870,3870,974,771,-
3871,3871,1183,1092,-
3872,3872,964,786,-
3873,3873,977,873,-
3874,3874,1017,933,-
3875,3875,853,720,-
3876,3876,1159,1036,-
3877,3877,1121,916,-
3878,3878,1253,1191,-
3879,3879,1084,1002,-
3880,3880,1038,934,-
3881,3881,1017,901,-
3882,3882,1009,896,-
3883,3883,1044,850,-
3884,3884,990,830,-
3885,3885,1114,977,-
3886,3886,1066,920,-
3887,3887,1049,875,-
3888,3888,1171,1176,-
3889,3889,952,900,-
3890,3890,1200,1175,-
3891,3891,1106,1047,-
3892,3892,1083,950,-
3893,3893,1097,1100,-
3894,3894,990,841,-
3895,3895,1087,935,-
3896,3896,1024,875,-
3897,3897,1032,877,-
3898,3898,1112,1016,-
3899,3899,1038,858,-
3900,3900,1011,850,-
3901,3901,1095,932,-
3902,3902,1144,1117,-
3903,3903,976,800,-
3904,3904,1147,1000,-
3905,3905,931,831,-
3906,3906,1118,1110,-
3907,3907,1083,1104,-
3908,3908,1158,1056,-
3909,3909,1142,1066,-
3910,3910,1155,1127,-
3911,3911,1066,984,-
3912,3912,996,846,-
3913,3913,1056,950,-
3914,3914,989,840,-
3915,3915,1263,1176,-
3916,3916,989,905,-
3917,3917,1004,885,-
3918,3918,877,912,-
3919,3919,1062,971,-
3920,3920,981,846,-
3921,3921,974,835,-
3922,3922,1119,988,-
3923,3923,1020,897,-
3924,3924,1063,868,-
3925,3925,1128,1046,-
3926,3926,1021,901,-
3927,3927,994,805,-
3928,3928,972,792,-
3929,3929,930,830,-
3930,3930,915,808,-
3931,3931,1042,917,-
3932,3932,936,763,-
3933,3933,940,784,-
3934,3934,1088,945,-
3935,3935,1036,910,-
3936,3936,1001,907,-
3937,3937,1011,1020,-
3938,3938,953,906,-
3939,3939,1083,1033,-
3940,3940,914,815,-
3941,3941,1012,891,-
3942,3942,1067,865,-
3943,3943,983,856,-
3944,3944,1035,900,-
3945,3945,1136,1024,-
3946,3946,1238,1120,-
3947,3947,1027,985,-
3948,3948,951,816,-
3949,3949,1172,1048,-
3950,3950,1183,1108,-
3951,3951,1171,1096,-
3952,3952,975,854,-
3953,3953,1074,930,-
3954,3954,956,827,-
3955,3955,1144,1082,-
3956,3956,1129,988,-
3957,3957,1020,972,-
3958,3958,1068,1040,-
3959,3959,1038,967,-
3960,3960,1007,890,-
3961,3961,1076,1074,-
3962,3962,1081,938,-
3963,3963,1109,927,-
3964,3964,1023,895,-
3965,3965,1167,1098,-
3966,3966,1086,1001,-
3967,3967,1096,965,-
3968,3968,1037,995,-
3969,3969,1007,940,-
3970,3970,934,775,-
3971,3971,1060,988,-
3972,3972,1081,1058,-
3973,3973,993,862,-
3974,3974,1106,1042,-
3975,3975,1053,938,-
3976,3976,1125,998,-
3977,3977,1099,902,-
3978,3978,1158,1082,-
3979,3979,908,780,-
3980,3980,1055,920,-
3981,3981,1047,961,-
3982,3982,1062,945,-
3983,3983,994,860,-
3984,3984,1130,949,-
3985,3985,955,810,-
3986,3986,1097,939,-
3987,3987,899,732,-
3988,3988,973,825,-
3989,3989,1038,868,-
3990,3990,1016,952,-
3991,3991,1083,948,-
3992,3992,1158,1090,-
3993,3993,1066,880,-
3994,3994,1014,915,-
3995,3995,1034,853,-
3996,3996,1089,955,-
3997,3997,1053,978,-
3998,3998,1116,960,-
3999,3999,1014,816,-
4000,4000,1077,951,-
4001,4001,1010,810,-
4002,4002,1018,885,-
4003,4003,1099,1003,-
4004,4004,1032,935,-
4005,4005,1054,887,-
4006,4006,1126,1026,-
4007,4007,1032,908,-
4008,4008,1133,1077,-
4009,4009,1041,940,-
4010,4010,1048,960,-
4011,4011,1087,936,-
4012,4012,1154,1048,-
4013,4013,927,755,-
4014,4014,990,830,-
4015,4015,1242,1112,-
4016,4016,1041,875,-
4017,4017,958,950,-
4018,4018,994,826,-
4019,4019,962,822,-
4020,4020,1024,890,-
4021,4021,1047,880,-
4022,4022,994,975,-
4023,4023,1043,825,-
4024,4024,1012,846,-
4025,4025,1020,860,-
4026,4026,1060,915,-
4027,4027,1321,1302,-
4028,4028,1086,825,-
4029,4029,945,864,-
4030,4030,1005,900,-
4031,4031,1172,1070,-
4032,4032,987,908,-
4033,4033,937,808,-
4034,4034,1076,955,-
4035,4035,1027,830,-
4036,4036,996,771,-
4037,4037,1143,955,-
4038,4038,1147,1065,-
4039,4039,1024,866,-
4040,4040,1098,990,-
4041,4041,1128,1048,-
4042,4042,959,833,-
4043,4043,1101,987,-
4044,4044,1094,992,-
4045,4045,1062,958,-
4046,4046,963,836,-
4047,4047,1007,892,-
4048,4048,1077,976,-
4049,4049,1093,976,-
4050,4050,973,911,-
4051,4051,1078,999,-
4052,4052,1032,821,-
4053,4053,1016,835,-
4054,4054,1147,995,-
4055,4055,1028,877,-
4056,4056,1101,1019,-
4057,4057,964,890,-
4058,4058,968,730,-
4059,4059,1044,823,-
4060,4060,1010,948,-
4061,4061,1088,1080,-
4062,4062,1064,941,-
4063,4063,1031,895,-
4064,4064,1010,906,-
4065,4065,953,834,-
4066,4066,969,804,-
4067,4067,1012,949,-
4068,4068,884,722,-
4069,4069,969,852,-
4070,4070,934,774,-
4071,4071,907,826,-
4072,4072,957,807,-
4073,4073,1086,870,-
4074,4074,925,835,-
4075,4075,1054,1051,-
4076,4076,1003,947,-
4077,4077,954,816,-
4078,4078,1072,978,-
4079,4079,1045,991,-
4080,4080,984,783,-
4081,4081,1144,1080,-
